,HCHO Value,Date
2019-01-02 00:00:00,1.919914652467399e-05,2019-01-02
2019-01-03 00:00:00,2.811447935930284e-05,2019-01-03
2019-01-04 00:00:00,3.747998184385943e-05,2019-01-04
2019-01-05 00:00:00,-1.7982608793453114e-05,2019-01-05
2019-01-06 00:00:00,0.0001457836896179,2019-01-06
2019-01-07 00:00:00,2.8285908025465342e-05,2019-01-07
2019-01-08 00:00:00,8.518546236523268e-05,2019-01-08
2019-01-09 00:00:00,0.000142085016705,2019-01-09
2019-01-10 00:00:00,8.111544808786291e-05,2019-01-10
2019-01-11 00:00:00,2.014587947072581e-05,2019-01-11
2019-01-12 00:00:00,0.000158278766321,2019-01-12
2019-01-13 00:00:00,0.0001386952570461,2019-01-13
2019-01-14 00:00:00,0.0001191117477712,2019-01-14
2019-01-15 00:00:00,9.952823849642218e-05,2019-01-15
2019-01-16 00:00:00,7.484570960514249e-05,2019-01-16
2019-01-17 00:00:00,7.736112226328797e-05,2019-01-17
2019-01-18 00:00:00,5.862126618368232e-05,2019-01-18
2019-01-19 00:00:00,3.9881410104076654e-05,2019-01-19
2019-01-20 00:00:00,0.0001891620203853,2019-01-20
2019-01-21 00:00:00,0.0001159969926423,2019-01-21
2019-01-22 00:00:00,0.0001413523623709,2019-01-22
2019-01-23 00:00:00,7.165379525100222e-05,2019-01-23
2019-01-24 00:00:00,2.1549948286071076e-05,2019-01-24
2019-01-25 00:00:00,-2.8553898678860067e-05,2019-01-25
2019-01-26 00:00:00,7.600673515856997e-05,2019-01-26
2019-01-27 00:00:00,0.000180567368996,2019-01-27
2019-01-28 00:00:00,9.113160086427456e-05,2019-01-28
2019-01-29 00:00:00,7.241739856355372e-05,2019-01-29
2019-01-30 00:00:00,5.669942299414417e-05,2019-01-30
2019-01-31 00:00:00,4.098144742473462e-05,2019-01-31
2019-02-01 00:00:00,5.186428352058307e-05,2019-02-01
2019-02-02 00:00:00,4.359413357770583e-05,2019-02-02
2019-02-03 00:00:00,3.532398363482859e-05,2019-02-03
2019-02-04 00:00:00,2.7053833691951344e-05,2019-02-04
2019-02-05 00:00:00,1.8783683749074103e-05,2019-02-05
2019-02-06 00:00:00,1.051353380619686e-05,2019-02-06
2019-02-07 00:00:00,4.076109671524861e-05,2019-02-07
2019-02-08 00:00:00,7.59353421234044e-05,2019-02-08
2019-02-09 00:00:00,7.47105844841701e-05,2019-02-09
2019-02-10 00:00:00,7.34858268449358e-05,2019-02-10
2019-02-11 00:00:00,1.0584419214865193e-05,2019-02-11
2019-02-12 00:00:00,6.919795120446755e-05,2019-02-12
2019-02-13 00:00:00,0.0001002479887681,2019-02-13
2019-02-14 00:00:00,0.0001312980263317,2019-02-14
2019-02-15 00:00:00,0.0001623480638954,2019-02-15
2019-02-16 00:00:00,2.6644206895973665e-05,2019-02-16
2019-02-17 00:00:00,0.0001362413198283,2019-02-17
2019-02-18 00:00:00,5.895095797941796e-05,2019-02-18
2019-02-19 00:00:00,7.990708924877695e-05,2019-02-19
2019-02-20 00:00:00,8.647263683420719e-05,2019-02-20
2019-02-21 00:00:00,6.580490440211678e-05,2019-02-21
2019-02-22 00:00:00,0.0001173317679715,2019-02-22
2019-02-23 00:00:00,0.0001372664223727,2019-02-23
2019-02-24 00:00:00,0.0001183587731956,2019-02-24
2019-02-25 00:00:00,3.582334073956398e-05,2019-02-25
2019-02-26 00:00:00,-4.671209171647206e-05,2019-02-26
2019-02-27 00:00:00,1.5346476198920965e-05,2019-02-27
2019-02-28 00:00:00,7.740504411431399e-05,2019-02-28
2019-03-01 00:00:00,0.0001394636120297,2019-03-01
2019-03-02 00:00:00,0.0002015221799451,2019-03-02
2019-03-03 00:00:00,0.0002333378601804,2019-03-03
2019-03-04 00:00:00,0.0001130560234093,2019-03-04
2019-03-05 00:00:00,8.923271256196186e-05,2019-03-05
2019-03-06 00:00:00,4.2696494065404425e-05,2019-03-06
2019-03-07 00:00:00,0.0001021544478428,2019-03-07
2019-03-08 00:00:00,0.000104415711202,2019-03-08
2019-03-09 00:00:00,0.0001050893106155,2019-03-09
2019-03-10 00:00:00,0.0001057629100291,2019-03-10
2019-03-11 00:00:00,0.0001954688702953,2019-03-11
2019-03-12 00:00:00,0.0002339561330231,2019-03-12
2019-03-13 00:00:00,0.0001436281760917,2019-03-13
2019-03-14 00:00:00,5.33002191604215e-05,2019-03-14
2019-03-15 00:00:00,0.000123402480465,2019-03-15
2019-03-16 00:00:00,9.934245878113424e-05,2019-03-16
2019-03-17 00:00:00,5.628071383476485e-05,2019-03-17
2019-03-18 00:00:00,1.3218968888395464e-05,2019-03-18
2019-03-19 00:00:00,0.0001449778092531,2019-03-19
2019-03-20 00:00:00,7.633388390013924e-05,2019-03-20
2019-03-21 00:00:00,0.0001480680220993,2019-03-21
2019-03-22 00:00:00,4.698590924918041e-05,2019-03-22
2019-03-23 00:00:00,-1.5467760777977853e-05,2019-03-23
2019-03-24 00:00:00,0.0001512098013132,2019-03-24
2019-03-25 00:00:00,7.338239494073005e-05,2019-03-25
2019-03-26 00:00:00,8.133633841564141e-05,2019-03-26
2019-03-27 00:00:00,9.850572535486576e-05,2019-03-27
2019-03-28 00:00:00,0.0001319502848265,2019-03-28
2019-03-29 00:00:00,0.0002089805635327,2019-03-29
2019-03-30 00:00:00,0.000286010842239,2019-03-30
2019-03-31 00:00:00,0.0001691464753809,2019-03-31
2019-04-01 00:00:00,0.0002311358269746,2019-04-01
2019-04-02 00:00:00,0.0001839505016603,2019-04-02
2019-04-03 00:00:00,0.0002120842642893,2019-04-03
2019-04-04 00:00:00,2.65590091925734e-05,2019-04-04
2019-04-05 00:00:00,8.134434422682388e-05,2019-04-05
2019-04-06 00:00:00,0.0001323410016791,2019-04-06
2019-04-07 00:00:00,0.0001584331711474,2019-04-07
2019-04-08 00:00:00,0.0002055366407123,2019-04-08
2019-04-09 00:00:00,0.0002659180015952,2019-04-09
2019-04-10 00:00:00,0.0001209464124475,2019-04-10
2019-04-11 00:00:00,9.413038103599996e-05,2019-04-11
2019-04-12 00:00:00,6.731434962449994e-05,2019-04-12
2019-04-13 00:00:00,0.000172293422113,2019-04-13
2019-04-14 00:00:00,0.0001343072378248,2019-04-14
2019-04-15 00:00:00,9.63210535366288e-05,2019-04-15
2019-04-16 00:00:00,5.833486924844322e-05,2019-04-16
2019-04-17 00:00:00,2.0348684960257624e-05,2019-04-17
2019-04-18 00:00:00,-1.7637499327927978e-05,2019-04-18
2019-04-19 00:00:00,3.045660605066332e-05,2019-04-19
2019-04-20 00:00:00,3.9441730173904633e-05,2019-04-20
2019-04-21 00:00:00,-2.3242276785227024e-05,2019-04-21
2019-04-22 00:00:00,4.274620365243648e-05,2019-04-22
2019-04-23 00:00:00,0.0001087346840901,2019-04-23
2019-04-24 00:00:00,0.0001426274278835,2019-04-24
2019-04-25 00:00:00,0.0001695954056101,2019-04-25
2019-04-26 00:00:00,0.0001965633833368,2019-04-26
2019-04-27 00:00:00,0.0002235313610634,2019-04-27
2019-04-28 00:00:00,0.0002504993387901,2019-04-28
2019-04-29 00:00:00,0.0002152329945563,2019-04-29
2019-04-30 00:00:00,0.0001799666503226,2019-04-30
2019-05-01 00:00:00,0.0001447003060889,2019-05-01
2019-05-02 00:00:00,0.0001938940387614,2019-05-02
2019-05-03 00:00:00,0.000243087771434,2019-05-03
2019-05-04 00:00:00,0.000166357540416,2019-05-04
2019-05-05 00:00:00,0.0001117983754452,2019-05-05
2019-05-06 00:00:00,0.0002294637627646,2019-05-06
2019-05-07 00:00:00,0.0003124401430261,2019-05-07
2019-05-08 00:00:00,0.0002250056587289,2019-05-08
2019-05-09 00:00:00,0.0002085735307819,2019-05-09
2019-05-10 00:00:00,0.000257059338242,2019-05-10
2019-05-11 00:00:00,0.0002004889109836,2019-05-11
2019-05-12 00:00:00,0.0001098424870683,2019-05-12
2019-05-13 00:00:00,0.0002129034585429,2019-05-13
2019-05-14 00:00:00,0.0001720079728961,2019-05-14
2019-05-15 00:00:00,0.0002664730031546,2019-05-15
2019-05-16 00:00:00,0.000201612771683,2019-05-16
2019-05-17 00:00:00,0.0002884037766731,2019-05-17
2019-05-18 00:00:00,0.0001177087880293,2019-05-18
2019-05-19 00:00:00,0.0001160009060384,2019-05-19
2019-05-20 00:00:00,0.0001336881023634,2019-05-20
2019-05-21 00:00:00,0.0002208001227715,2019-05-21
2019-05-22 00:00:00,-7.228200424818833e-05,2019-05-22
2019-05-23 00:00:00,0.0003105529374545,2019-05-23
2019-05-24 00:00:00,0.0002426740459869,2019-05-24
2019-05-25 00:00:00,0.0001747951545193,2019-05-25
2019-05-26 00:00:00,0.0001548687249192,2019-05-26
2019-05-27 00:00:00,0.0001654224296495,2019-05-27
2019-05-28 00:00:00,0.0001982629083403,2019-05-28
2019-05-29 00:00:00,0.0003091327174433,2019-05-29
2019-05-30 00:00:00,0.0002074993984133,2019-05-30
2019-05-31 00:00:00,0.0002010744889855,2019-05-31
2019-06-01 00:00:00,0.0001620855774003,2019-06-01
2019-06-02 00:00:00,0.0002011201633782,2019-06-02
2019-06-03 00:00:00,0.000251481226227,2019-06-03
2019-06-04 00:00:00,0.0001980974619026,2019-06-04
2019-06-05 00:00:00,0.0002146064898484,2019-06-05
2019-06-06 00:00:00,0.0001936430479641,2019-06-06
2019-06-07 00:00:00,0.0002007570846963,2019-06-07
2019-06-08 00:00:00,0.0002396215399985,2019-06-08
2019-06-09 00:00:00,0.00020626461893,2019-06-09
2019-06-10 00:00:00,0.0002028022764897,2019-06-10
2019-06-11 00:00:00,0.0001993399340494,2019-06-11
2019-06-12 00:00:00,6.053496474230479e-05,2019-06-12
2019-06-13 00:00:00,0.0002245152867965,2019-06-13
2019-06-14 00:00:00,0.0001245266181147,2019-06-14
2019-06-15 00:00:00,0.000196375949274,2019-06-15
2019-06-16 00:00:00,0.0001445406571932,2019-06-16
2019-06-17 00:00:00,9.443249258390602e-05,2019-06-17
2019-06-18 00:00:00,0.0001521346246326,2019-06-18
2019-06-19 00:00:00,0.0001972398441497,2019-06-19
2019-06-20 00:00:00,0.0001846460877422,2019-06-20
2019-06-21 00:00:00,0.0001257577767141,2019-06-21
2019-06-22 00:00:00,-3.001237576428592e-05,2019-06-22
2019-06-23 00:00:00,0.0001914609759805,2019-06-23
2019-06-24 00:00:00,0.0001457232699014,2019-06-24
2019-06-25 00:00:00,7.372090402977676e-05,2019-06-25
2019-06-26 00:00:00,0.0002596372495061,2019-06-26
2019-06-27 00:00:00,0.0001779194617772,2019-06-27
2019-06-28 00:00:00,0.000231226423795,2019-06-28
2019-06-29 00:00:00,0.0001812523492576,2019-06-29
2019-06-30 00:00:00,0.0001883885471587,2019-06-30
2019-07-01 00:00:00,0.0002023344533868,2019-07-01
2019-07-02 00:00:00,9.121370706522813e-05,2019-07-02
2019-07-04 00:00:00,0.0001753343888387,2019-07-04
2019-07-05 00:00:00,0.0001420256129706,2019-07-05
2019-07-06 00:00:00,0.0002116970966375,2019-07-06
2019-07-07 00:00:00,0.0001988289947686,2019-07-07
2019-07-08 00:00:00,0.0001030618713161,2019-07-08
2019-07-09 00:00:00,0.0001457607274989,2019-07-09
2019-07-10 00:00:00,0.0001884595836817,2019-07-10
2019-07-11 00:00:00,0.0001975782280741,2019-07-11
2019-07-12 00:00:00,0.0001594655264437,2019-07-12
2019-07-13 00:00:00,0.0001976478337366,2019-07-13
2019-07-14 00:00:00,0.000336220866302,2019-07-14
2019-07-15 00:00:00,0.0002239410468319,2019-07-15
2019-07-16 00:00:00,0.0001116612273619,2019-07-16
2019-07-17 00:00:00,9.440945635086574e-05,2019-07-17
2019-07-18 00:00:00,5.3007591732085154e-05,2019-07-18
2019-07-19 00:00:00,6.854623574559979e-05,2019-07-19
2019-07-20 00:00:00,0.0001801851011904,2019-07-20
2019-07-21 00:00:00,0.0002918239666354,2019-07-21
2019-07-22 00:00:00,0.0002169911424371,2019-07-22
2019-07-23 00:00:00,0.0001421583182389,2019-07-23
2019-07-24 00:00:00,0.0001371408573407,2019-07-24
2019-07-25 00:00:00,7.947482663439587e-05,2019-07-25
2019-07-26 00:00:00,0.0002606689476769,2019-07-26
2019-07-27 00:00:00,0.0002823855014415,2019-07-27
2019-07-28 00:00:00,0.0002140706098285,2019-07-28
2019-07-29 00:00:00,0.0002902694324825,2019-07-29
2019-07-30 00:00:00,0.0001690657406119,2019-07-30
2019-07-31 00:00:00,0.0001755234582795,2019-07-31
2019-08-01 00:00:00,0.0001334335101567,2019-08-01
2019-08-02 00:00:00,0.0001710392138943,2019-08-02
2019-08-03 00:00:00,0.0002770476275012,2019-08-03
2019-08-04 00:00:00,-5.8506497870336726e-05,2019-08-04
2019-08-05 00:00:00,0.0001543679284341,2019-08-05
2019-08-06 00:00:00,0.0001381167840436,2019-08-06
2019-08-08 00:00:00,0.0003214545216953,2019-08-08
2019-08-09 00:00:00,0.0002323583030374,2019-08-09
2019-08-10 00:00:00,0.000198615195268,2019-08-10
2019-08-11 00:00:00,0.0001648720874987,2019-08-11
2019-08-12 00:00:00,0.0001697566086455,2019-08-12
2019-08-13 00:00:00,0.000165733679407,2019-08-13
2019-08-14 00:00:00,0.0001617107501685,2019-08-14
2019-08-15 00:00:00,8.127829567496318e-05,2019-08-15
2019-08-16 00:00:00,8.65017980523612e-05,2019-08-16
2019-08-17 00:00:00,9.172530042975922e-05,2019-08-17
2019-08-18 00:00:00,9.694880280715724e-05,2019-08-18
2019-08-19 00:00:00,0.0001231442282225,2019-08-19
2019-08-20 00:00:00,0.0001072038762765,2019-08-20
2019-08-21 00:00:00,0.000223914074013,2019-08-21
2019-08-22 00:00:00,0.0002280724197122,2019-08-22
2019-08-23 00:00:00,0.0002322307654114,2019-08-23
2019-08-24 00:00:00,0.0002363891111106,2019-08-24
2019-08-25 00:00:00,0.0002405474568099,2019-08-25
2019-08-26 00:00:00,0.0001396728141871,2019-08-26
2019-08-27 00:00:00,3.879817156439453e-05,2019-08-27
2019-08-28 00:00:00,4.685654324449213e-05,2019-08-28
2019-08-30 00:00:00,0.0001017635807711,2019-08-30
2019-08-31 00:00:00,0.0001199569514245,2019-08-31
2019-09-01 00:00:00,0.0001530958652951,2019-09-01
2019-09-02 00:00:00,0.0001862347791657,2019-09-02
2019-09-03 00:00:00,0.0002193736930364,2019-09-03
2019-09-04 00:00:00,0.0001449926375105,2019-09-04
2019-09-05 00:00:00,7.061158198466546e-05,2019-09-05
2019-09-06 00:00:00,0.0002029469269085,2019-09-06
2019-09-07 00:00:00,0.000227267915019,2019-09-07
2019-09-08 00:00:00,0.0001980222193968,2019-09-08
2019-09-09 00:00:00,0.0002873941513638,2019-09-09
2019-09-10 00:00:00,0.0002143623039833,2019-09-10
2019-09-11 00:00:00,0.0002021484148172,2019-09-11
2019-09-12 00:00:00,0.0001899345256512,2019-09-12
2019-09-13 00:00:00,0.0001777206364852,2019-09-13
2019-09-14 00:00:00,0.0001758298338639,2019-09-14
2019-09-15 00:00:00,0.0001063147208697,2019-09-15
2019-09-16 00:00:00,3.679960787562356e-05,2019-09-16
2019-09-17 00:00:00,6.794723518060958e-05,2019-09-17
2019-09-18 00:00:00,7.855116824171623e-05,2019-09-18
2019-09-19 00:00:00,6.91086212510579e-05,2019-09-19
2019-09-20 00:00:00,5.966607426039956e-05,2019-09-20
2019-09-21 00:00:00,6.035665491112147e-05,2019-09-21
2019-09-22 00:00:00,7.127377266595629e-05,2019-09-22
2019-09-23 00:00:00,8.21908904207911e-05,2019-09-23
2019-09-24 00:00:00,9.310800817562592e-05,2019-09-24
2019-09-25 00:00:00,0.0001040251259304,2019-09-25
2019-09-26 00:00:00,0.0001149422436852,2019-09-26
2019-09-27 00:00:00,0.0001258593614401,2019-09-27
2019-09-28 00:00:00,0.0001367764791949,2019-09-28
2019-09-29 00:00:00,0.0001476935969498,2019-09-29
2019-09-30 00:00:00,0.0001354187261313,2019-09-30
2019-10-01 00:00:00,0.0001013253568089,2019-10-01
2019-10-02 00:00:00,3.625866611442237e-05,2019-10-02
2019-10-03 00:00:00,4.086449786201247e-05,2019-10-03
2019-10-04 00:00:00,4.547032960960256e-05,2019-10-04
2019-10-05 00:00:00,0.0001850499321187,2019-10-05
2019-10-06 00:00:00,8.042740955715999e-05,2019-10-06
2019-10-07 00:00:00,1.9520575982472e-05,2019-10-07
2019-10-08 00:00:00,9.107848870812606e-05,2019-10-08
2019-10-09 00:00:00,4.460671594527965e-05,2019-10-09
2019-10-10 00:00:00,0.0001980625810632,2019-10-10
2019-10-11 00:00:00,0.0001324947138043,2019-10-11
2019-10-12 00:00:00,6.69268465455332e-05,2019-10-12
2019-10-13 00:00:00,8.33783504916071e-05,2019-10-13
2019-10-14 00:00:00,-0.0001028267070068,2019-10-14
2019-10-15 00:00:00,-4.386704657785577e-05,2019-10-15
2019-10-16 00:00:00,1.509261385108846e-05,2019-10-16
2019-10-17 00:00:00,7.405227428003269e-05,2019-10-17
2019-10-18 00:00:00,6.764801035233342e-05,2019-10-18
2019-10-19 00:00:00,6.124374642463416e-05,2019-10-19
2019-10-20 00:00:00,5.483948249693489e-05,2019-10-20
2019-10-21 00:00:00,4.843521856923563e-05,2019-10-21
2019-10-22 00:00:00,4.203095464153636e-05,2019-10-22
2019-10-23 00:00:00,3.683130442562176e-05,2019-10-23
2019-10-24 00:00:00,3.1631654209707155e-05,2019-10-24
2019-10-25 00:00:00,2.643200399379255e-05,2019-10-25
2019-10-26 00:00:00,2.1232353777877947e-05,2019-10-26
2019-10-27 00:00:00,1.6032703561963343e-05,2019-10-27
2019-10-28 00:00:00,1.083305334604874e-05,2019-10-28
2019-10-29 00:00:00,5.633403130134131e-06,2019-10-29
2019-10-30 00:00:00,4.337529142195307e-07,2019-10-30
2019-10-31 00:00:00,-4.765897301695077e-06,2019-10-31
2019-11-01 00:00:00,7.961665078926478e-05,2019-11-01
2019-11-02 00:00:00,7.301303441877131e-05,2019-11-02
2019-11-03 00:00:00,8.779490013168567e-05,2019-11-03
2019-11-04 00:00:00,0.0001025767658446,2019-11-04
2019-11-05 00:00:00,5.952412593517619e-05,2019-11-05
2019-11-06 00:00:00,0.0001244564848621,2019-11-06
2019-11-07 00:00:00,0.0001137354925625,2019-11-07
2019-11-08 00:00:00,0.0001049525241123,2019-11-08
2019-11-09 00:00:00,9.6169555662127e-05,2019-11-09
2019-11-10 00:00:00,8.73865872119405e-05,2019-11-10
2019-11-11 00:00:00,7.8603618761754e-05,2019-11-11
2019-11-12 00:00:00,1.1670059962981136e-05,2019-11-12
2019-11-13 00:00:00,9.017052121765264e-05,2019-11-13
2019-11-14 00:00:00,4.494364215642581e-05,2019-11-14
2019-11-15 00:00:00,-3.101655966020189e-05,2019-11-15
2019-11-16 00:00:00,7.223729487439374e-05,2019-11-16
2019-11-17 00:00:00,3.7091107515152544e-05,2019-11-17
2019-11-18 00:00:00,0.0001103087745437,2019-11-18
2019-11-19 00:00:00,8.99974333677621e-06,2019-11-19
2019-11-20 00:00:00,9.403313306139046e-06,2019-11-20
2019-11-21 00:00:00,9.806883275501884e-06,2019-11-21
2019-11-22 00:00:00,2.5208745073291692e-05,2019-11-22
2019-11-23 00:00:00,4.061060687108151e-05,2019-11-23
2019-11-24 00:00:00,5.601246866887132e-05,2019-11-24
2019-11-25 00:00:00,7.141433046666113e-05,2019-11-25
2019-11-26 00:00:00,8.681619226445095e-05,2019-11-26
2019-11-27 00:00:00,0.0001022180540622,2019-11-27
2019-11-28 00:00:00,0.00011761991586,2019-11-28
2019-11-29 00:00:00,0.0001330217776578,2019-11-29
2019-11-30 00:00:00,0.0001484236394556,2019-11-30
2019-12-01 00:00:00,0.0001638255012534,2019-12-01
2019-12-02 00:00:00,0.0001401162064566,2019-12-02
2019-12-03 00:00:00,0.0001164069116598,2019-12-03
2019-12-04 00:00:00,9.2697616863013e-05,2019-12-04
2019-12-05 00:00:00,6.898832206621732e-05,2019-12-05
2019-12-06 00:00:00,4.527902726942165e-05,2019-12-06
2019-12-07 00:00:00,4.077326007100831e-05,2019-12-07
2019-12-08 00:00:00,3.626749287259496e-05,2019-12-08
2019-12-09 00:00:00,3.176172567418162e-05,2019-12-09
2019-12-10 00:00:00,2.725595847576827e-05,2019-12-10
2019-12-11 00:00:00,2.2750191277354924e-05,2019-12-11
2019-12-12 00:00:00,1.824442407894158e-05,2019-12-12
2019-12-13 00:00:00,0.0001733404594727,2019-12-13
2019-12-14 00:00:00,0.0001214041228488,2019-12-14
2019-12-15 00:00:00,0.0001225482874445,2019-12-15
2019-12-16 00:00:00,0.0001236924520403,2019-12-16
2019-12-17 00:00:00,0.0001091927099828,2019-12-17
2019-12-18 00:00:00,9.469296792542924e-05,2019-12-18
2019-12-19 00:00:00,8.019322586799385e-05,2019-12-19
2019-12-20 00:00:00,6.569348381055848e-05,2019-12-20
2019-12-21 00:00:00,5.1193741753123085e-05,2019-12-21
2019-12-22 00:00:00,3.66939996956877e-05,2019-12-22
2019-12-23 00:00:00,2.2194257638252324e-05,2019-12-23
2019-12-24 00:00:00,2.117652741735389e-05,2019-12-24
2019-12-25 00:00:00,0.0001555813232877,2019-12-25
2019-12-26 00:00:00,0.0001110376975934,2019-12-26
2019-12-27 00:00:00,6.64940718992127e-05,2019-12-27
2019-12-28 00:00:00,8.053915245153277e-05,2019-12-28
2019-12-29 00:00:00,-3.706587255570228e-06,2019-12-29
2019-12-30 00:00:00,5.587984313944631e-05,2019-12-30
2019-12-31 00:00:00,-3.16976321224565e-05,2019-12-31
2020-01-01 00:00:00,9.034290529466052e-05,2020-01-01
2020-01-02 00:00:00,9.529433213378026e-05,2020-01-02
2020-01-03 00:00:00,0.0001002457589729,2020-01-03
2020-01-04 00:00:00,3.286016579496975e-05,2020-01-04
2020-01-05 00:00:00,3.071760518502251e-05,2020-01-05
2020-01-06 00:00:00,3.476576938377549e-05,2020-01-06
2020-01-07 00:00:00,3.881393358252847e-05,2020-01-07
2020-01-08 00:00:00,4.286209778128145e-05,2020-01-08
2020-01-09 00:00:00,5.750193863655609e-05,2020-01-09
2020-01-10 00:00:00,0.0001446769434324,2020-01-10
2020-01-11 00:00:00,9.68826461212692e-05,2020-01-11
2020-01-12 00:00:00,4.9088348810138415e-05,2020-01-12
2020-01-13 00:00:00,5.641005532275563e-05,2020-01-13
2020-01-14 00:00:00,2.0383452845553944e-05,2020-01-14
2020-01-15 00:00:00,0.0001958479692669,2020-01-15
2020-01-16 00:00:00,0.000238841770169,2020-01-16
2020-01-17 00:00:00,5.8875575404950014e-05,2020-01-17
2020-01-19 00:00:00,1.5958878447645566e-05,2020-01-19
2020-01-20 00:00:00,-3.5826685953247714e-05,2020-01-20
2020-01-21 00:00:00,-8.7612250354141e-05,2020-01-21
2020-01-22 00:00:00,-3.900000820067362e-05,2020-01-22
2020-01-23 00:00:00,9.612233952793758e-06,2020-01-23
2020-01-24 00:00:00,7.44683138271029e-05,2020-01-24
2020-01-25 00:00:00,6.006358222640914e-06,2020-01-25
2020-01-26 00:00:00,5.19873079894593e-05,2020-01-26
2020-01-27 00:00:00,6.786795669953684e-05,2020-01-27
2020-01-28 00:00:00,8.374860540961439e-05,2020-01-28
2020-01-29 00:00:00,3.1758298437023246e-05,2020-01-29
2020-01-30 00:00:00,0.000177316703707,2020-01-30
2020-01-31 00:00:00,8.111505017887429e-05,2020-01-31
2020-02-01 00:00:00,0.0001275456630456,2020-02-01
2020-02-02 00:00:00,0.0001045692780518,2020-02-02
2020-02-03 00:00:00,4.360020830063149e-05,2020-02-03
2020-02-04 00:00:00,0.0002273526032397,2020-02-04
2020-02-06 00:00:00,4.093062281698901e-05,2020-02-06
2020-02-07 00:00:00,7.834578352812168e-05,2020-02-07
2020-02-08 00:00:00,7.095446915914204e-05,2020-02-08
2020-02-09 00:00:00,8.279895583324826e-05,2020-02-09
2020-02-10 00:00:00,3.258561612314903e-05,2020-02-10
2020-02-11 00:00:00,8.469118547655709e-05,2020-02-11
2020-02-12 00:00:00,0.0001183225692868,2020-02-12
2020-02-13 00:00:00,0.0001519539530971,2020-02-13
2020-02-14 00:00:00,0.0001855853369074,2020-02-14
2020-02-15 00:00:00,0.0002192167207177,2020-02-15
2020-02-16 00:00:00,0.0001738607243169,2020-02-16
2020-02-17 00:00:00,6.738023361729804e-05,2020-02-17
2020-02-18 00:00:00,7.764632267534397e-05,2020-02-18
2020-02-19 00:00:00,9.705933981630156e-05,2020-02-19
2020-02-20 00:00:00,4.267630525543442e-05,2020-02-20
2020-02-21 00:00:00,-1.1706729305432708e-05,2020-02-21
2020-02-22 00:00:00,9.745601078805725e-08,2020-02-22
2020-02-23 00:00:00,1.1901641327008825e-05,2020-02-23
2020-02-24 00:00:00,2.3705826643229587e-05,2020-02-24
2020-02-25 00:00:00,-0.0001004850842313,2020-02-25
2020-02-26 00:00:00,-7.531724253752748e-06,2020-02-26
2020-02-27 00:00:00,0.0001556920124053,2020-02-27
2020-02-28 00:00:00,0.0001481080812879,2020-02-28
2020-02-29 00:00:00,0.0001405241501705,2020-02-29
2020-03-01 00:00:00,0.0001329402190532,2020-03-01
2020-03-02 00:00:00,0.000129308743732,2020-03-02
2020-03-03 00:00:00,0.0001848547757802,2020-03-03
2020-03-04 00:00:00,0.000184690133693,2020-03-04
2020-03-05 00:00:00,0.0003363731704373,2020-03-05
2020-03-06 00:00:00,0.0001426829827234,2020-03-06
2020-03-07 00:00:00,-5.1007204990354926e-05,2020-03-07
2020-03-08 00:00:00,5.330940064654864e-05,2020-03-08
2020-03-09 00:00:00,6.82279003338169e-05,2020-03-09
2020-03-10 00:00:00,0.0001248023761577,2020-03-10
2020-03-11 00:00:00,0.0001248777646536,2020-03-11
2020-03-12 00:00:00,-2.0343255298297407e-05,2020-03-12
2020-03-13 00:00:00,0.0002353223210593,2020-03-13
2020-03-14 00:00:00,3.582159084664173e-05,2020-03-14
2020-03-15 00:00:00,5.063776900957096e-05,2020-03-15
2020-03-16 00:00:00,6.545394717250019e-05,2020-03-16
2020-03-17 00:00:00,7.488212213502266e-05,2020-03-17
2020-03-18 00:00:00,8.431029709754512e-05,2020-03-18
2020-03-19 00:00:00,0.0001276758152656,2020-03-19
2020-03-20 00:00:00,6.928370223774921e-05,2020-03-20
2020-03-21 00:00:00,0.0001565599487978,2020-03-21
2020-03-22 00:00:00,0.0001884498160819,2020-03-22
2020-03-23 00:00:00,0.0001656312610936,2020-03-23
2020-03-24 00:00:00,9.164952701908358e-05,2020-03-24
2020-03-25 00:00:00,0.0001526157196283,2020-03-25
2020-03-26 00:00:00,0.0002186464541692,2020-03-26
2020-03-27 00:00:00,0.0001317307401491,2020-03-27
2020-03-28 00:00:00,6.423275634403234e-05,2020-03-28
2020-03-29 00:00:00,0.0001418242076792,2020-03-29
2020-03-30 00:00:00,0.0001390404609748,2020-03-30
2020-03-31 00:00:00,0.0001745172390036,2020-03-31
2020-04-01 00:00:00,0.0002099940170326,2020-04-01
2020-04-02 00:00:00,0.000152358837902,2020-04-02
2020-04-03 00:00:00,9.474364346449804e-05,2020-04-03
2020-04-04 00:00:00,0.0001686883585343,2020-04-04
2020-04-05 00:00:00,0.0002426330736043,2020-04-05
2020-04-06 00:00:00,5.822557351268709e-05,2020-04-06
2020-04-07 00:00:00,0.0001062592640366,2020-04-07
2020-04-08 00:00:00,0.0002072563263751,2020-04-08
2020-04-09 00:00:00,0.0001874333323758,2020-04-09
2020-04-10 00:00:00,0.000201808368208,2020-04-10
2020-04-11 00:00:00,0.0001063412346534,2020-04-11
2020-04-12 00:00:00,0.0001064925418238,2020-04-12
2020-04-13 00:00:00,0.0001066438489942,2020-04-13
2020-04-14 00:00:00,8.930894540567567e-05,2020-04-14
2020-04-15 00:00:00,7.197404181715132e-05,2020-04-15
2020-04-16 00:00:00,8.375779586410523e-05,2020-04-16
2020-04-17 00:00:00,9.554154991105912e-05,2020-04-17
2020-04-18 00:00:00,5.243860177530103e-05,2020-04-18
2020-04-19 00:00:00,-5.382137991659866e-05,2020-04-19
2020-04-20 00:00:00,0.0002623555580237,2020-04-20
2020-04-21 00:00:00,9.074692903327894e-05,2020-04-21
2020-04-22 00:00:00,0.0001581586056153,2020-04-22
2020-04-23 00:00:00,0.0002255702821974,2020-04-23
2020-04-24 00:00:00,0.0002929819587795,2020-04-24
2020-04-25 00:00:00,0.0001028752481266,2020-04-25
2020-04-26 00:00:00,0.0002424737181477,2020-04-26
2020-04-27 00:00:00,0.0002225938827272,2020-04-27
2020-04-29 00:00:00,0.0001115760017718,2020-04-29
2020-04-30 00:00:00,0.0001334557443908,2020-04-30
2020-05-01 00:00:00,0.0002303620272833,2020-05-01
2020-05-02 00:00:00,0.0001743500137588,2020-05-02
2020-05-03 00:00:00,0.0001183380002344,2020-05-03
2020-05-04 00:00:00,0.0001540390834442,2020-05-04
2020-05-05 00:00:00,0.000189740166654,2020-05-05
2020-05-06 00:00:00,0.0001936290111482,2020-05-06
2020-05-07 00:00:00,0.0001975178556425,2020-05-07
2020-05-08 00:00:00,3.946896660289914e-05,2020-05-08
2020-05-09 00:00:00,0.0002397835620839,2020-05-09
2020-05-10 00:00:00,0.0001712400589183,2020-05-10
2020-05-11 00:00:00,8.120374744529855e-05,2020-05-11
2020-05-12 00:00:00,6.357439272964576e-05,2020-05-12
2020-05-13 00:00:00,4.594503801399296e-05,2020-05-13
2020-05-14 00:00:00,2.831568329834016e-05,2020-05-14
2020-05-15 00:00:00,0.0001572533347561,2020-05-15
2020-05-16 00:00:00,0.0002003187110049,2020-05-16
2020-05-17 00:00:00,0.0002433840872537,2020-05-17
2020-05-18 00:00:00,0.0002212163555336,2020-05-18
2020-05-19 00:00:00,0.0001990486238135,2020-05-19
2020-05-20 00:00:00,0.0001768808920934,2020-05-20
2020-05-21 00:00:00,0.0001885073321254,2020-05-21
2020-05-22 00:00:00,0.0001088635679622,2020-05-22
2020-05-23 00:00:00,7.625441184520259e-05,2020-05-23
2020-05-24 00:00:00,0.0001076155101142,2020-05-24
2020-05-25 00:00:00,0.0001622301790734,2020-05-25
2020-05-26 00:00:00,0.0002168448480327,2020-05-26
2020-05-27 00:00:00,0.0001645086629642,2020-05-27
2020-05-28 00:00:00,0.0001121724778957,2020-05-28
2020-05-29 00:00:00,0.0001211554775325,2020-05-29
2020-05-30 00:00:00,0.0001301384771694,2020-05-30
2020-05-31 00:00:00,0.0001234580626288,2020-05-31
2020-06-01 00:00:00,0.0001167776480883,2020-06-01
2020-06-02 00:00:00,0.0002132776312111,2020-06-02
2020-06-03 00:00:00,0.0001826095314686,2020-06-03
2020-06-04 00:00:00,0.0001289793621539,2020-06-04
2020-06-05 00:00:00,8.487577224364211e-05,2020-06-05
2020-06-06 00:00:00,0.0001196691804616,2020-06-06
2020-06-07 00:00:00,0.0001544625886797,2020-06-07
2020-06-08 00:00:00,0.0001161752209702,2020-06-08
2020-06-09 00:00:00,7.788785326075869e-05,2020-06-09
2020-06-10 00:00:00,0.0001845606892772,2020-06-10
2020-06-11 00:00:00,0.0001644131347156,2020-06-11
2020-06-12 00:00:00,0.000144265580154,2020-06-12
2020-06-13 00:00:00,0.0001241180255925,2020-06-13
2020-06-14 00:00:00,0.0001327978281076,2020-06-14
2020-06-15 00:00:00,0.0001718309315453,2020-06-15
2020-06-16 00:00:00,0.0001962688222185,2020-06-16
2020-06-17 00:00:00,0.0001097679227923,2020-06-17
2020-06-18 00:00:00,0.0001935549995856,2020-06-18
2020-06-19 00:00:00,9.696947364222372e-05,2020-06-19
2020-06-20 00:00:00,5.175335096376786e-05,2020-06-20
2020-06-21 00:00:00,6.51664005841318e-05,2020-06-21
2020-06-22 00:00:00,7.857945020449575e-05,2020-06-22
2020-06-23 00:00:00,0.0001379274087062,2020-06-23
2020-06-24 00:00:00,0.0001972753672081,2020-06-24
2020-06-25 00:00:00,0.0002396779781662,2020-06-25
2020-06-26 00:00:00,0.0001352200955733,2020-06-26
2020-06-27 00:00:00,3.076221298059416e-05,2020-06-27
2020-06-28 00:00:00,5.844839255170251e-05,2020-06-28
2020-06-29 00:00:00,9.030847176585064e-05,2020-06-29
2020-06-30 00:00:00,0.0002463645834544,2020-06-30
2020-07-01 00:00:00,-5.970363291286597e-05,2020-07-01
2020-07-02 00:00:00,0.0002076354156992,2020-07-02
2020-07-03 00:00:00,0.0002186376363584,2020-07-03
2020-07-04 00:00:00,0.0002296398570177,2020-07-04
2020-07-05 00:00:00,0.0001048803273274,2020-07-05
2020-07-06 00:00:00,0.0002118758135161,2020-07-06
2020-07-07 00:00:00,0.0001489326523148,2020-07-07
2020-07-08 00:00:00,0.0001237493803848,2020-07-08
2020-07-09 00:00:00,9.8566108454983e-05,2020-07-09
2020-07-10 00:00:00,0.0003066832134006,2020-07-10
2020-07-11 00:00:00,0.0002101522993928,2020-07-11
2020-07-12 00:00:00,0.000113621385385,2020-07-12
2020-07-13 00:00:00,0.0002085770419565,2020-07-13
2020-07-14 00:00:00,0.0001361865001512,2020-07-14
2020-07-15 00:00:00,0.0002603599916222,2020-07-15
2020-07-17 00:00:00,4.177796057257493e-05,2020-07-17
2020-07-18 00:00:00,5.023416296985129e-05,2020-07-18
2020-07-19 00:00:00,6.899038871576532e-05,2020-07-19
2020-07-20 00:00:00,8.774661446167934e-05,2020-07-20
2020-07-21 00:00:00,0.0001227452448212,2020-07-21
2020-07-22 00:00:00,0.0001577438751808,2020-07-22
2020-07-23 00:00:00,-5.744974275987273e-06,2020-07-23
2020-07-24 00:00:00,6.339939942132575e-05,2020-07-24
2020-07-25 00:00:00,5.5197812281196746e-05,2020-07-25
2020-07-26 00:00:00,4.6996225141067744e-05,2020-07-26
2020-07-27 00:00:00,3.8794638000938736e-05,2020-07-27
2020-07-28 00:00:00,3.0593050860809735e-05,2020-07-28
2020-07-29 00:00:00,2.2391463720680734e-05,2020-07-29
2020-07-30 00:00:00,1.4189876580551726e-05,2020-07-30
2020-07-31 00:00:00,5.988289440422733e-06,2020-07-31
2020-08-01 00:00:00,1.844730953151722e-05,2020-08-01
2020-08-02 00:00:00,3.090632962261171e-05,2020-08-02
2020-08-03 00:00:00,4.33653497137062e-05,2020-08-03
2020-08-04 00:00:00,5.5824369804800686e-05,2020-08-04
2020-08-05 00:00:00,5.969344354460202e-05,2020-08-05
2020-08-06 00:00:00,6.356251728440335e-05,2020-08-06
2020-08-07 00:00:00,6.743159102420469e-05,2020-08-07
2020-08-08 00:00:00,7.130066476400602e-05,2020-08-08
2020-08-09 00:00:00,0.0001403382151551,2020-08-09
2020-08-10 00:00:00,0.0002093757655462,2020-08-10
2020-08-11 00:00:00,7.704421320033986e-05,2020-08-11
2020-08-12 00:00:00,0.0001234200010392,2020-08-12
2020-08-13 00:00:00,0.0001656748442621,2020-08-13
2020-08-14 00:00:00,0.0002728599042991,2020-08-14
2020-08-15 00:00:00,5.462574876116208e-06,2020-08-15
2020-08-16 00:00:00,0.0002491717402681,2020-08-16
2020-08-17 00:00:00,0.0001682038731519,2020-08-17
2020-08-18 00:00:00,0.0001388418128911,2020-08-18
2020-08-19 00:00:00,0.0001725601862205,2020-08-19
2020-08-20 00:00:00,0.0001608252427725,2020-08-20
2020-08-21 00:00:00,0.0002908080311183,2020-08-21
2020-08-22 00:00:00,0.0001752171523025,2020-08-22
2020-08-23 00:00:00,8.666643526118393e-05,2020-08-23
2020-08-24 00:00:00,8.93769864376209e-05,2020-08-24
2020-08-25 00:00:00,0.0001305039967599,2020-08-25
2020-08-26 00:00:00,0.0001977095681468,2020-08-26
2020-08-27 00:00:00,0.0001583915881858,2020-08-27
2020-08-28 00:00:00,0.0001495120542889,2020-08-28
2020-08-29 00:00:00,0.000140632520392,2020-08-29
2020-08-30 00:00:00,0.0001574082301413,2020-08-30
2020-08-31 00:00:00,0.0001741839398906,2020-08-31
2020-09-01 00:00:00,0.0001660831249247,2020-09-01
2020-09-02 00:00:00,0.0001579823099589,2020-09-02
2020-09-03 00:00:00,0.0001498814949931,2020-09-03
2020-09-04 00:00:00,0.0001417806800273,2020-09-04
2020-09-05 00:00:00,0.0001254955385429,2020-09-05
2020-09-06 00:00:00,0.0001092103970585,2020-09-06
2020-09-07 00:00:00,9.29252555742292e-05,2020-09-07
2020-09-08 00:00:00,7.664011408987226e-05,2020-09-08
2020-09-09 00:00:00,7.425107530184038e-05,2020-09-09
2020-09-10 00:00:00,4.380442509673767e-05,2020-09-10
2020-09-11 00:00:00,1.3357774891634956e-05,2020-09-11
2020-09-12 00:00:00,-1.7088875313467754e-05,2020-09-12
2020-09-13 00:00:00,-4.753552551857047e-05,2020-09-13
2020-09-14 00:00:00,1.518718780739968e-05,2020-09-14
2020-09-15 00:00:00,7.790990113336982e-05,2020-09-15
2020-09-16 00:00:00,9.721515637639364e-05,2020-09-16
2020-09-17 00:00:00,0.0001106155069305,2020-09-17
2020-09-18 00:00:00,0.0001240158574847,2020-09-18
2020-09-19 00:00:00,0.0001374162080389,2020-09-19
2020-09-20 00:00:00,0.0001508165585932,2020-09-20
2020-09-21 00:00:00,8.680864989165229e-05,2020-09-21
2020-09-22 00:00:00,0.0001077060804709,2020-09-22
2020-09-23 00:00:00,0.0001286035110503,2020-09-23
2020-09-24 00:00:00,0.0001557493925075,2020-09-24
2020-09-25 00:00:00,0.0001828952739647,2020-09-25
2020-09-26 00:00:00,0.0002100411554219,2020-09-26
2020-09-27 00:00:00,0.0002371870368791,2020-09-27
2020-09-28 00:00:00,2.038872033639668e-05,2020-09-28
2020-09-29 00:00:00,8.058619769899779e-05,2020-09-29
2020-09-30 00:00:00,0.0001407836750615,2020-09-30
2020-10-01 00:00:00,0.0002009811524242,2020-10-01
2020-10-02 00:00:00,0.0002456698189928,2020-10-02
2020-10-03 00:00:00,0.0001905453554194,2020-10-03
2020-10-04 00:00:00,9.65941229705195e-05,2020-10-04
2020-10-05 00:00:00,2.415971041037116e-05,2020-10-05
2020-10-06 00:00:00,0.0001013842797799,2020-10-06
2020-10-07 00:00:00,0.0001145549662707,2020-10-07
2020-10-08 00:00:00,0.0001277256527615,2020-10-08
2020-10-09 00:00:00,8.581860880367713e-05,2020-10-09
2020-10-10 00:00:00,4.391156484585428e-05,2020-10-10
2020-10-11 00:00:00,9.276843653160504e-05,2020-10-11
2020-10-12 00:00:00,0.0001223886057634,2020-10-12
2020-10-13 00:00:00,0.0002017037132798,2020-10-13
2020-10-14 00:00:00,0.000158317919437,2020-10-14
2020-10-15 00:00:00,0.0001149321255943,2020-10-15
2020-10-16 00:00:00,7.15463317516803e-05,2020-10-16
2020-10-17 00:00:00,0.0002248542429094,2020-10-17
2020-10-18 00:00:00,0.0003439380674439,2020-10-18
2020-10-19 00:00:00,0.0002369594610497,2020-10-19
2020-10-20 00:00:00,0.0001299808546556,2020-10-20
2020-10-21 00:00:00,0.0001622780122468,2020-10-21
2020-10-22 00:00:00,0.0001000547036166,2020-10-22
2020-10-23 00:00:00,0.000208711010751,2020-10-23
2020-10-24 00:00:00,0.0001455256672944,2020-10-24
2020-10-25 00:00:00,0.0002129690152839,2020-10-25
2020-10-26 00:00:00,0.0002804123632735,2020-10-26
2020-10-27 00:00:00,0.0002511001237228,2020-10-27
2020-10-28 00:00:00,0.0002724168001946,2020-10-28
2020-10-29 00:00:00,0.0002236368469443,2020-10-29
2020-10-30 00:00:00,0.0001204451903239,2020-10-30
2020-10-31 00:00:00,9.76271973529074e-05,2020-10-31
2020-11-01 00:00:00,7.480920438191483e-05,2020-11-01
2020-11-02 00:00:00,9.26038665719948e-05,2020-11-02
2020-11-03 00:00:00,8.360731414200298e-05,2020-11-03
2020-11-04 00:00:00,7.290927004495618e-05,2020-11-04
2020-11-05 00:00:00,6.22112259479094e-05,2020-11-05
2020-11-06 00:00:00,5.15131818508626e-05,2020-11-06
2020-11-07 00:00:00,4.08151377538158e-05,2020-11-07
2020-11-08 00:00:00,3.0117093656769e-05,2020-11-08
2020-11-09 00:00:00,-7.935498371805502e-06,2020-11-09
2020-11-10 00:00:00,-4.5988090400380006e-05,2020-11-10
2020-11-11 00:00:00,-1.4400904503656132e-05,2020-11-11
2020-11-12 00:00:00,7.487036242517194e-05,2020-11-12
2020-11-13 00:00:00,0.000164141629354,2020-11-13
2020-11-14 00:00:00,0.0001379698538234,2020-11-14
2020-11-15 00:00:00,0.0001117980782929,2020-11-15
2020-11-16 00:00:00,8.562630276241957e-05,2020-11-16
2020-11-17 00:00:00,5.945452723189275e-05,2020-11-17
2020-11-18 00:00:00,3.328275170136594e-05,2020-11-18
2020-11-19 00:00:00,-6.385750734361702e-05,2020-11-19
2020-11-20 00:00:00,-2.9921193643514594e-05,2020-11-20
2020-11-21 00:00:00,4.015120056587835e-06,2020-11-21
2020-11-22 00:00:00,3.795143375669026e-05,2020-11-22
2020-11-23 00:00:00,7.188774745679269e-05,2020-11-23
2020-11-24 00:00:00,0.0001058240611568,2020-11-24
2020-11-25 00:00:00,0.0001397603748569,2020-11-25
2020-11-26 00:00:00,0.0001736966885571,2020-11-26
2020-11-27 00:00:00,-2.4791641438946944e-05,2020-11-27
2020-11-28 00:00:00,1.7957692345613783e-05,2020-11-28
2020-11-29 00:00:00,3.687363750159753e-05,2020-11-29
2020-11-30 00:00:00,5.578958265758127e-05,2020-11-30
2020-12-01 00:00:00,7.470552781356503e-05,2020-12-01
2020-12-02 00:00:00,9.362147296954876e-05,2020-12-02
2020-12-03 00:00:00,0.0001125374181255,2020-12-03
2020-12-04 00:00:00,0.0001314533632815,2020-12-04
2020-12-05 00:00:00,0.0001503693084375,2020-12-05
2020-12-06 00:00:00,0.0001864159076759,2020-12-06
2020-12-07 00:00:00,8.465839116738584e-05,2020-12-07
2020-12-08 00:00:00,6.716778026344759e-05,2020-12-08
2020-12-09 00:00:00,4.967716935950935e-05,2020-12-09
2020-12-10 00:00:00,0.0001293030934587,2020-12-10
2020-12-11 00:00:00,0.0001201134617694,2020-12-11
2020-12-12 00:00:00,0.0002798393429735,2020-12-12
2020-12-14 00:00:00,3.0035361552427384e-05,2020-12-14
2020-12-15 00:00:00,8.7017288155401e-05,2020-12-15
2020-12-16 00:00:00,2.379622334407817e-05,2020-12-16
2020-12-17 00:00:00,5.7881967243906006e-05,2020-12-17
2020-12-18 00:00:00,-2.622722466268962e-06,2020-12-18
2020-12-19 00:00:00,-6.312741217644393e-05,2020-12-19
2020-12-20 00:00:00,-5.450313743069276e-05,2020-12-20
2020-12-21 00:00:00,-4.587886268494159e-05,2020-12-21
2020-12-22 00:00:00,-3.725458793919041e-05,2020-12-22
2020-12-23 00:00:00,-2.863031319343924e-05,2020-12-23
2020-12-24 00:00:00,-2.0006038447688065e-05,2020-12-24
2020-12-25 00:00:00,-1.1381763701936892e-05,2020-12-25
2020-12-26 00:00:00,1.0998309482589807e-05,2020-12-26
2020-12-27 00:00:00,3.3378382667116505e-05,2020-12-27
2020-12-28 00:00:00,-9.778340495582147e-06,2020-12-28
2020-12-29 00:00:00,-5.29350636582808e-05,2020-12-29
2020-12-30 00:00:00,-4.798950304656565e-05,2020-12-30
2020-12-31 00:00:00,-1.4257548444370557e-05,2020-12-31
2021-01-01 00:00:00,1.947440615782454e-05,2021-01-01
2021-01-02 00:00:00,5.3206360760019634e-05,2021-01-02
2021-01-03 00:00:00,8.693831536221472e-05,2021-01-03
2021-01-04 00:00:00,0.0001206702699644,2021-01-04
2021-01-05 00:00:00,0.0001544022245666,2021-01-05
2021-01-06 00:00:00,0.0001881341791688,2021-01-06
2021-01-07 00:00:00,0.0001435283384202,2021-01-07
2021-01-08 00:00:00,9.892249767178598e-05,2021-01-08
2021-01-09 00:00:00,5.4316656923278985e-05,2021-01-09
2021-01-10 00:00:00,9.71081617477196e-06,2021-01-10
2021-01-11 00:00:00,-3.489502457373505e-05,2021-01-11
2021-01-12 00:00:00,-2.366058531749042e-05,2021-01-12
2021-01-13 00:00:00,-1.2426146061245788e-05,2021-01-13
2021-01-14 00:00:00,-1.1917068050011536e-06,2021-01-14
2021-01-15 00:00:00,1.004273245124348e-05,2021-01-15
2021-01-16 00:00:00,2.1277171707488112e-05,2021-01-16
2021-01-17 00:00:00,3.2511610963732745e-05,2021-01-17
2021-01-18 00:00:00,4.3746050219977385e-05,2021-01-18
2021-01-19 00:00:00,5.498048947622201e-05,2021-01-19
2021-01-20 00:00:00,6.621492873246664e-05,2021-01-20
2021-01-21 00:00:00,3.227796510383957e-05,2021-01-21
2021-01-22 00:00:00,0.0001157936673969,2021-01-22
2021-01-23 00:00:00,0.0001244751896995,2021-01-23
2021-01-24 00:00:00,8.90675573324203e-05,2021-01-24
2021-01-25 00:00:00,5.365992496534062e-05,2021-01-25
2021-01-26 00:00:00,5.3503339371218606e-05,2021-01-26
2021-01-27 00:00:00,4.529174454364623e-05,2021-01-27
2021-01-28 00:00:00,3.708014971607385e-05,2021-01-28
2021-01-29 00:00:00,2.886855488850148e-05,2021-01-29
2021-01-30 00:00:00,2.0656960060929105e-05,2021-01-30
2021-01-31 00:00:00,1.2445365233356729e-05,2021-01-31
2021-02-01 00:00:00,4.233770405784359e-06,2021-02-01
2021-02-02 00:00:00,-3.977824421788018e-06,2021-02-02
2021-02-03 00:00:00,-1.2189419249360397e-05,2021-02-03
2021-02-04 00:00:00,-2.040101407693277e-05,2021-02-04
2021-02-05 00:00:00,-2.861260890450515e-05,2021-02-05
2021-02-06 00:00:00,-3.6824203732077526e-05,2021-02-06
2021-02-07 00:00:00,-4.503579855964989e-05,2021-02-07
2021-02-08 00:00:00,-5.3247393387222266e-05,2021-02-08
2021-02-09 00:00:00,-6.145898821479466e-05,2021-02-09
2021-02-10 00:00:00,-5.894827188302967e-06,2021-02-10
2021-02-11 00:00:00,6.691648343598091e-05,2021-02-11
2021-02-12 00:00:00,6.809713952855691e-06,2021-02-12
2021-02-13 00:00:00,0.0001259420046437,2021-02-13
2021-02-14 00:00:00,0.0001061476559659,2021-02-14
2021-02-15 00:00:00,8.63533072882196e-05,2021-02-15
2021-02-16 00:00:00,0.0001651139012838,2021-02-16
2021-02-17 00:00:00,0.0001626691299386,2021-02-17
2021-02-18 00:00:00,8.406814227895799e-05,2021-02-18
2021-02-19 00:00:00,-6.440251342276223e-05,2021-02-19
2021-02-20 00:00:00,-1.0760447063414912e-05,2021-02-20
2021-02-21 00:00:00,4.2881619295932405e-05,2021-02-21
2021-02-22 00:00:00,9.652368565527972e-05,2021-02-22
2021-02-23 00:00:00,1.1369377178991076e-05,2021-02-23
2021-02-24 00:00:00,0.0001914154391299,2021-02-24
2021-02-25 00:00:00,9.449054306885772e-05,2021-02-25
2021-02-26 00:00:00,9.088989114653707e-05,2021-02-26
2021-02-27 00:00:00,2.804716301831581e-05,2021-02-27
2021-02-28 00:00:00,0.0002029346029776,2021-02-28
2021-03-01 00:00:00,0.0001450662460377,2021-03-01
2021-03-02 00:00:00,0.0001234862324863,2021-03-02
2021-03-03 00:00:00,0.000101906218935,2021-03-03
2021-03-04 00:00:00,8.032620538368782e-05,2021-03-04
2021-03-05 00:00:00,9.560060939924392e-05,2021-03-05
2021-03-06 00:00:00,0.0001108750134148,2021-03-06
2021-03-07 00:00:00,0.000219129930537,2021-03-07
2021-03-08 00:00:00,0.0001268862633548,2021-03-08
2021-03-09 00:00:00,3.464259617263819e-05,2021-03-09
2021-03-10 00:00:00,3.8524880829788495e-05,2021-03-10
2021-03-11 00:00:00,4.240716548693881e-05,2021-03-11
2021-03-12 00:00:00,4.628945014408911e-05,2021-03-12
2021-03-13 00:00:00,6.998884854245248e-05,2021-03-13
2021-03-14 00:00:00,9.668375297972626e-05,2021-03-14
2021-03-15 00:00:00,0.000123378657417,2021-03-15
2021-03-16 00:00:00,3.4061457303586686e-05,2021-03-16
2021-03-18 00:00:00,0.000278371884635,2021-03-18
2021-03-19 00:00:00,0.0001921378805837,2021-03-19
2021-03-20 00:00:00,0.0001059038765324,2021-03-20
2021-03-21 00:00:00,0.0001015542054058,2021-03-21
2021-03-22 00:00:00,2.389865923652797e-05,2021-03-22
2021-03-23 00:00:00,0.0001992265616084,2021-03-23
2021-03-24 00:00:00,0.0001952606036993,2021-03-24
2021-03-25 00:00:00,0.0001912946457903,2021-03-25
2021-03-26 00:00:00,0.0001873286878813,2021-03-26
2021-03-27 00:00:00,0.0001833627299723,2021-03-27
2021-03-28 00:00:00,0.0001793967720633,2021-03-28
2021-03-29 00:00:00,0.0001754308141543,2021-03-29
2021-03-30 00:00:00,0.000169861457447,2021-03-30
2021-03-31 00:00:00,0.0002113946286778,2021-03-31
2021-04-01 00:00:00,0.0002729942097882,2021-04-01
2021-04-02 00:00:00,0.0002412283585137,2021-04-02
2021-04-03 00:00:00,0.000164876277309,2021-04-03
2021-04-04 00:00:00,0.0002305064224007,2021-04-04
2021-04-05 00:00:00,0.0001629821150255,2021-04-05
2021-04-06 00:00:00,0.0001448128302136,2021-04-06
2021-04-07 00:00:00,0.0001032645071811,2021-04-07
2021-04-08 00:00:00,0.0001430188814716,2021-04-08
2021-04-09 00:00:00,0.0001308905829202,2021-04-09
2021-04-10 00:00:00,0.0001187622843687,2021-04-10
2021-04-11 00:00:00,0.0001066339858174,2021-04-11
2021-04-12 00:00:00,0.0001297741078952,2021-04-12
2021-04-13 00:00:00,0.0001234965570374,2021-04-13
2021-04-14 00:00:00,0.0001172190061797,2021-04-14
2021-04-15 00:00:00,0.0001109414553219,2021-04-15
2021-04-16 00:00:00,0.0001046639044642,2021-04-16
2021-04-17 00:00:00,7.468271368444817e-05,2021-04-17
2021-04-18 00:00:00,0.0001409110087682,2021-04-18
2021-04-19 00:00:00,0.0001346721356058,2021-04-19
2021-04-20 00:00:00,0.0001622564606393,2021-04-20
2021-04-21 00:00:00,0.0002092239092228,2021-04-21
2021-04-22 00:00:00,0.0001616603740423,2021-04-22
2021-04-23 00:00:00,0.000122402555023,2021-04-23
2021-04-24 00:00:00,0.0001927233781087,2021-04-24
2021-04-25 00:00:00,0.0001290401398434,2021-04-25
2021-04-26 00:00:00,0.0001297217185554,2021-04-26
2021-04-28 00:00:00,0.0001335632388942,2021-04-28
2021-04-29 00:00:00,2.0760865922380303e-05,2021-04-29
2021-04-30 00:00:00,6.80172335674202e-05,2021-04-30
2021-05-01 00:00:00,0.0001152736012124,2021-05-01
2021-05-02 00:00:00,0.0001625299688575,2021-05-02
2021-05-03 00:00:00,0.0002212975768837,2021-05-03
2021-05-04 00:00:00,0.0001809962000769,2021-05-04
2021-05-05 00:00:00,0.0001406948232702,2021-05-05
2021-05-06 00:00:00,0.0001003934464635,2021-05-06
2021-05-07 00:00:00,0.0001468191487709,2021-05-07
2021-05-08 00:00:00,0.0001932448510783,2021-05-08
2021-05-09 00:00:00,9.268295984519952e-05,2021-05-09
2021-05-11 00:00:00,0.00031282160722,2021-05-11
2021-05-12 00:00:00,0.000271210289484,2021-05-12
2021-05-13 00:00:00,0.0002295989717481,2021-05-13
2021-05-14 00:00:00,0.0001879876540121,2021-05-14
2021-05-15 00:00:00,0.0001463763362762,2021-05-15
2021-05-16 00:00:00,0.0001047650185403,2021-05-16
2021-05-17 00:00:00,2.7650050588100547e-05,2021-05-17
2021-05-18 00:00:00,0.0003162460874172,2021-05-18
2021-05-22 00:00:00,0.000307767274603,2021-05-22
2021-05-23 00:00:00,0.0002320803281099,2021-05-23
2021-05-24 00:00:00,0.0001563933816169,2021-05-24
2021-05-25 00:00:00,9.704217782009685e-05,2021-05-25
2021-05-26 00:00:00,0.0001026556435946,2021-05-26
2021-05-27 00:00:00,0.0001082691093692,2021-05-27
2021-05-28 00:00:00,0.0001138825751438,2021-05-28
2021-05-30 00:00:00,0.0001115677262765,2021-05-30
2021-05-31 00:00:00,7.099799240152715e-05,2021-05-31
2021-06-01 00:00:00,0.0001502818453207,2021-06-01
2021-06-02 00:00:00,0.0002000518564317,2021-06-02
2021-06-03 00:00:00,0.0001065260680361,2021-06-03
2021-06-06 00:00:00,0.0003414881124628,2021-06-06
2021-06-07 00:00:00,0.0003175364344237,2021-06-07
2021-06-08 00:00:00,0.0002935847563846,2021-06-08
2021-06-09 00:00:00,0.0002696330783455,2021-06-09
2021-06-10 00:00:00,0.0002456814003064,2021-06-10
2021-06-11 00:00:00,0.0002420240690817,2021-06-11
2021-06-12 00:00:00,0.0001564910362352,2021-06-12
2021-06-13 00:00:00,0.0001053908739087,2021-06-13
2021-06-14 00:00:00,1.4612316831653268e-07,2021-06-14
2021-06-15 00:00:00,0.0001204161511441,2021-06-15
2021-06-16 00:00:00,0.0001318881386511,2021-06-16
2021-06-17 00:00:00,8.304077812679794e-05,2021-06-17
2021-06-18 00:00:00,0.0001258121588234,2021-06-18
2021-06-19 00:00:00,0.0001361597162662,2021-06-19
2021-06-20 00:00:00,0.0002301566775437,2021-06-20
2021-06-21 00:00:00,0.0001556369214238,2021-06-21
2021-06-22 00:00:00,0.0001636225592472,2021-06-22
2021-06-23 00:00:00,0.0001246651997955,2021-06-23
2021-06-24 00:00:00,8.570784034388947e-05,2021-06-24
2021-06-25 00:00:00,0.0001253605663883,2021-06-25
2021-06-26 00:00:00,0.0002538226609178,2021-06-26
2021-06-27 00:00:00,0.0001492027791237,2021-06-27
2021-06-28 00:00:00,0.0001870223466265,2021-06-28
2021-06-29 00:00:00,0.0001093124098957,2021-06-29
2021-06-30 00:00:00,1.816314989804705e-05,2021-06-30
2021-07-01 00:00:00,0.0001820323982554,2021-07-01
2021-07-02 00:00:00,0.0002415965206854,2021-07-02
2021-07-03 00:00:00,0.0002600270116539,2021-07-03
2021-07-04 00:00:00,0.0002784575026224,2021-07-04
2021-07-05 00:00:00,-4.886700358960491e-05,2021-07-05
2021-07-06 00:00:00,2.8944069918047547e-05,2021-07-06
2021-07-07 00:00:00,0.0001067551434257,2021-07-07
2021-07-08 00:00:00,0.0001342525553533,2021-07-08
2021-07-09 00:00:00,0.0001617499672809,2021-07-09
2021-07-10 00:00:00,0.0001892473792085,2021-07-10
2021-07-11 00:00:00,0.0002167447911362,2021-07-11
2021-07-12 00:00:00,0.0002442422030638,2021-07-12
2021-07-13 00:00:00,0.0002717396149915,2021-07-13
2021-07-14 00:00:00,0.0002622788223511,2021-07-14
2021-07-15 00:00:00,0.0002528180297107,2021-07-15
2021-07-16 00:00:00,0.0002433572370704,2021-07-16
2021-07-17 00:00:00,0.00023389644443,2021-07-17
2021-07-18 00:00:00,0.0002244356517897,2021-07-18
2021-07-19 00:00:00,0.0001515591860718,2021-07-19
2021-07-20 00:00:00,0.0001469728531897,2021-07-20
2021-07-21 00:00:00,0.0001409420649181,2021-07-21
2021-07-22 00:00:00,0.0001349112766466,2021-07-22
2021-07-23 00:00:00,0.000128880488375,2021-07-23
2021-07-24 00:00:00,0.0001228497001035,2021-07-24
2021-07-25 00:00:00,0.0001168189118319,2021-07-25
2021-07-26 00:00:00,0.0001107881235604,2021-07-26
2021-07-27 00:00:00,0.0001047573352889,2021-07-27
2021-07-28 00:00:00,0.0001737191335419,2021-07-28
2021-07-29 00:00:00,7.138556210151739e-05,2021-07-29
2021-07-30 00:00:00,0.000101163667024,2021-07-30
2021-07-31 00:00:00,0.0001450450318195,2021-07-31
2021-08-01 00:00:00,0.0001329182152811,2021-08-01
2021-08-02 00:00:00,0.0001989767691073,2021-08-02
2021-08-03 00:00:00,0.0001438420569821,2021-08-03
2021-08-04 00:00:00,-8.232762056067805e-05,2021-08-04
2021-08-05 00:00:00,7.154765580753345e-05,2021-08-05
2021-08-06 00:00:00,0.0001892038641285,2021-08-06
2021-08-07 00:00:00,0.0001788192221134,2021-08-07
2021-08-08 00:00:00,0.0001737601650796,2021-08-08
2021-08-09 00:00:00,0.0001687011080458,2021-08-09
2021-08-10 00:00:00,0.000163642051012,2021-08-10
2021-08-11 00:00:00,0.0001585829939782,2021-08-11
2021-08-12 00:00:00,0.0001535239369445,2021-08-12
2021-08-13 00:00:00,-3.25998139681e-05,2021-08-13
2021-08-15 00:00:00,-1.384622099235002e-05,2021-08-15
2021-08-16 00:00:00,0.000191031122896,2021-08-16
2021-08-17 00:00:00,0.0001781197692524,2021-08-17
2021-08-18 00:00:00,3.511362492740645e-05,2021-08-18
2021-08-19 00:00:00,0.0001901061088486,2021-08-19
2021-08-20 00:00:00,-5.129872549579292e-06,2021-08-20
2021-08-21 00:00:00,3.3498803721813803e-05,2021-08-21
2021-08-22 00:00:00,7.21274799932069e-05,2021-08-22
2021-08-23 00:00:00,0.0001107561562646,2021-08-23
2021-08-24 00:00:00,0.0002323039764525,2021-08-24
2021-08-25 00:00:00,0.0002065887603564,2021-08-25
2021-08-26 00:00:00,0.0001808735442603,2021-08-26
2021-08-27 00:00:00,0.0001455472144688,2021-08-27
2021-08-28 00:00:00,0.0001102208846774,2021-08-28
2021-08-29 00:00:00,7.489455488605306e-05,2021-08-29
2021-08-30 00:00:00,0.0001150375563803,2021-08-30
2021-08-31 00:00:00,0.0001551805578746,2021-08-31
2021-09-01 00:00:00,6.676890262375307e-05,2021-09-01
2021-09-02 00:00:00,8.154914158427405e-05,2021-09-02
2021-09-03 00:00:00,9.632938054479504e-05,2021-09-03
2021-09-04 00:00:00,0.0001111096195053,2021-09-04
2021-09-05 00:00:00,0.0001258898584658,2021-09-05
2021-09-06 00:00:00,0.0001406700974263,2021-09-06
2021-09-07 00:00:00,0.0001554503363868,2021-09-07
2021-09-08 00:00:00,0.0001702305753474,2021-09-08
2021-09-09 00:00:00,0.0001635801503367,2021-09-09
2021-09-10 00:00:00,0.0001460049808564,2021-09-10
2021-09-11 00:00:00,0.0001554478830395,2021-09-11
2021-09-12 00:00:00,0.0001566323893552,2021-09-12
2021-09-13 00:00:00,0.0001769210462736,2021-09-13
2021-09-14 00:00:00,0.0002534929294254,2021-09-14
2021-09-15 00:00:00,0.0003300648125773,2021-09-15
2021-09-16 00:00:00,0.0002443000823789,2021-09-16
2021-09-17 00:00:00,0.0001585353521806,2021-09-17
2021-09-18 00:00:00,7.277062198236776e-05,2021-09-18
2021-09-19 00:00:00,-4.614213674005632e-05,2021-09-19
2021-09-20 00:00:00,0.0001295329072685,2021-09-20
2021-09-21 00:00:00,0.0003052079512772,2021-09-21
2021-09-22 00:00:00,3.931641924261044e-05,2021-09-22
2021-09-23 00:00:00,9.673502483774028e-05,2021-09-23
2021-09-24 00:00:00,0.0001541536304328,2021-09-24
2021-09-25 00:00:00,0.000211572236028,2021-09-25
2021-09-26 00:00:00,0.0001317732518458,2021-09-26
2021-09-27 00:00:00,5.197426766372108e-05,2021-09-27
2021-09-28 00:00:00,9.348398844941054e-05,2021-09-28
2021-09-29 00:00:00,0.0001349937092351,2021-09-29
2021-09-30 00:00:00,0.0001276973474961,2021-09-30
2021-10-01 00:00:00,0.0001204009857571,2021-10-01
2021-10-02 00:00:00,0.0001131046240181,2021-10-02
2021-10-03 00:00:00,0.0001058082622791,2021-10-03
2021-10-04 00:00:00,9.851190054018766e-05,2021-10-04
2021-10-05 00:00:00,9.121553880120518e-05,2021-10-05
2021-10-06 00:00:00,8.39191770622227e-05,2021-10-06
2021-10-07 00:00:00,0.0001462468892392,2021-10-07
2021-10-08 00:00:00,0.0001084901107749,2021-10-08
2021-10-09 00:00:00,0.0001098390676453,2021-10-09
2021-10-10 00:00:00,0.0001981615565131,2021-10-10
2021-10-11 00:00:00,0.0001837901001946,2021-10-11
2021-10-12 00:00:00,0.0001694186438761,2021-10-12
2021-10-13 00:00:00,0.0001550471875576,2021-10-13
2021-10-14 00:00:00,0.0001501308000618,2021-10-14
2021-10-15 00:00:00,8.043227592023999e-05,2021-10-15
2021-10-16 00:00:00,6.629551619780771e-05,2021-10-16
2021-10-17 00:00:00,5.215875647537545e-05,2021-10-17
2021-10-18 00:00:00,0.0001151530567175,2021-10-18
2021-10-19 00:00:00,0.0001104826863124,2021-10-19
2021-10-20 00:00:00,0.0001058123159074,2021-10-20
2021-10-21 00:00:00,0.0001011419455024,2021-10-21
2021-10-22 00:00:00,9.647157509748364e-05,2021-10-22
2021-10-23 00:00:00,0.0001320028711176,2021-10-23
2021-10-24 00:00:00,0.0001675341671378,2021-10-24
2021-10-25 00:00:00,8.478281300771012e-05,2021-10-25
2021-10-26 00:00:00,0.0002193890021537,2021-10-26
2021-10-27 00:00:00,0.0003285122513092,2021-10-27
2021-10-28 00:00:00,0.0002734229681944,2021-10-28
2021-10-29 00:00:00,0.0002183336850797,2021-10-29
2021-10-30 00:00:00,0.0001632444019649,2021-10-30
2021-10-31 00:00:00,0.0001081551188502,2021-10-31
2021-11-01 00:00:00,0.0001168114701657,2021-11-01
2021-11-02 00:00:00,0.0001254678214812,2021-11-02
2021-11-03 00:00:00,0.0001341241727967,2021-11-03
2021-11-04 00:00:00,0.0001427805241123,2021-11-04
2021-11-05 00:00:00,0.0001514368754278,2021-11-05
2021-11-06 00:00:00,0.0001600932267434,2021-11-06
2021-11-07 00:00:00,0.0001276573876048,2021-11-07
2021-11-08 00:00:00,9.52215484662458e-05,2021-11-08
2021-11-09 00:00:00,6.278570932766872e-05,2021-11-09
2021-11-10 00:00:00,3.0349870189091625e-05,2021-11-10
2021-11-11 00:00:00,3.65651695774909e-05,2021-11-11
2021-11-12 00:00:00,4.2780468965890176e-05,2021-11-12
2021-11-13 00:00:00,4.8995768354289455e-05,2021-11-13
2021-11-14 00:00:00,5.5211067742688734e-05,2021-11-14
2021-11-15 00:00:00,6.142636713108801e-05,2021-11-15
2021-11-16 00:00:00,6.764166651948729e-05,2021-11-16
2021-11-17 00:00:00,7.385696590788656e-05,2021-11-17
2021-11-18 00:00:00,8.007226529628584e-05,2021-11-18
2021-11-19 00:00:00,7.026025798270014e-05,2021-11-19
2021-11-20 00:00:00,6.044825066911445e-05,2021-11-20
2021-11-21 00:00:00,0.0001255693169355,2021-11-21
2021-11-24 00:00:00,0.0003048261460666,2021-11-24
2021-11-25 00:00:00,0.0002508170462024,2021-11-25
2021-11-26 00:00:00,0.0001968079463383,2021-11-26
2021-11-27 00:00:00,0.0001142243118633,2021-11-27
2021-11-28 00:00:00,0.0001877162604441,2021-11-28
2021-11-29 00:00:00,0.0001438508893603,2021-11-29
2021-11-30 00:00:00,9.998551827663134e-05,2021-11-30
2021-12-01 00:00:00,5.612014719289699e-05,2021-12-01
2021-12-02 00:00:00,0.0001661489983942,2021-12-02
2021-12-03 00:00:00,0.000150050576238,2021-12-03
2021-12-04 00:00:00,-3.224179137543693e-05,2021-12-04
2021-12-05 00:00:00,0.0001288660540604,2021-12-05
2021-12-06 00:00:00,3.4170409967666125e-05,2021-12-06
2021-12-07 00:00:00,0.0001407085732504,2021-12-07
2021-12-08 00:00:00,8.635892552386725e-05,2021-12-08
2021-12-09 00:00:00,3.20092777973345e-05,2021-12-09
2021-12-10 00:00:00,6.415084009968669e-05,2021-12-10
2021-12-11 00:00:00,9.629240240203887e-05,2021-12-11
2021-12-12 00:00:00,7.970339658632889e-05,2021-12-12
2021-12-13 00:00:00,6.31143907706189e-05,2021-12-13
2021-12-14 00:00:00,4.65253849549089e-05,2021-12-14
2021-12-15 00:00:00,2.993637913919891e-05,2021-12-15
2021-12-16 00:00:00,1.334737332348892e-05,2021-12-16
2021-12-17 00:00:00,3.829852517229776e-05,2021-12-17
2021-12-18 00:00:00,9.010695077407996e-05,2021-12-18
2021-12-19 00:00:00,2.7571358908826725e-05,2021-12-19
2021-12-20 00:00:00,2.77134981627186e-05,2021-12-20
2021-12-21 00:00:00,-4.073948104444248e-05,2021-12-21
2021-12-22 00:00:00,6.890564438402295e-05,2021-12-22
2021-12-23 00:00:00,8.469703632463418e-05,2021-12-23
2021-12-24 00:00:00,-2.6445220194122045e-05,2021-12-24
2021-12-25 00:00:00,0.000103078525632,2021-12-25
2021-12-26 00:00:00,3.0851154304230593e-05,2021-12-26
2021-12-27 00:00:00,3.5908986180593604e-05,2021-12-27
2021-12-28 00:00:00,-1.3203235792981955e-05,2021-12-28
2021-12-29 00:00:00,2.491021375250144e-05,2021-12-29
2021-12-30 00:00:00,0.0001232948475055,2021-12-30
2021-12-31 00:00:00,0.0001120928437971,2021-12-31
2022-01-01 00:00:00,0.0001008908400888,2022-01-01
2022-01-02 00:00:00,8.968883638053394e-05,2022-01-02
2022-01-03 00:00:00,7.848683267221192e-05,2022-01-03
2022-01-04 00:00:00,6.728482896388991e-05,2022-01-04
2022-01-05 00:00:00,5.6082825255567885e-05,2022-01-05
2022-01-06 00:00:00,4.488082154724586e-05,2022-01-06
2022-01-07 00:00:00,3.367881783892385e-05,2022-01-07
2022-01-08 00:00:00,2.2476814130601835e-05,2022-01-08
2022-01-09 00:00:00,1.1274810422279809e-05,2022-01-09
2022-01-10 00:00:00,7.2806713957783e-08,2022-01-10
2022-01-11 00:00:00,-1.112919699436423e-05,2022-01-11
2022-01-12 00:00:00,-2.233120070268625e-05,2022-01-12
2022-01-13 00:00:00,5.742851401660482e-05,2022-01-13
2022-01-14 00:00:00,0.0001294419381111,2022-01-14
2022-01-15 00:00:00,3.907365867448054e-05,2022-01-15
2022-01-16 00:00:00,8.870961460663541e-05,2022-01-16
2022-01-17 00:00:00,0.0001383455705387,2022-01-17
2022-01-18 00:00:00,0.0001879815264709,2022-01-18
2022-01-19 00:00:00,0.0002376174824031,2022-01-19
2022-01-21 00:00:00,0.0001326319155172,2022-01-21
2022-01-22 00:00:00,0.0001794230674463,2022-01-22
2022-01-23 00:00:00,8.412521659331254e-05,2022-01-23
2022-01-24 00:00:00,0.0002326818946057,2022-01-24
2022-01-25 00:00:00,0.0002099597363527,2022-01-25
2022-01-26 00:00:00,6.107487274713773e-05,2022-01-26
2022-01-28 00:00:00,3.789894896809139e-05,2022-01-28
2022-01-29 00:00:00,0.000124244834961,2022-01-29
2022-01-30 00:00:00,8.119006984543763e-05,2022-01-30
2022-01-31 00:00:00,9.209142201606882e-05,2022-01-31
2022-02-01 00:00:00,0.0001029927741867,2022-02-01
2022-02-02 00:00:00,-1.032775848563881e-05,2022-02-02
2022-02-03 00:00:00,0.0001628499744123,2022-02-03
2022-02-04 00:00:00,0.0002358167217294,2022-02-04
2022-02-05 00:00:00,0.0001118640632385,2022-02-05
2022-02-06 00:00:00,0.0001123039169357,2022-02-06
2022-02-07 00:00:00,9.084848435725992e-05,2022-02-07
2022-02-08 00:00:00,6.939305177881983e-05,2022-02-08
2022-02-09 00:00:00,4.793761920037975e-05,2022-02-09
2022-02-10 00:00:00,0.0001465204868003,2022-02-10
2022-02-11 00:00:00,0.0001642725822155,2022-02-11
2022-02-12 00:00:00,0.0001820246776308,2022-02-12
2022-02-13 00:00:00,0.000199776773046,2022-02-13
2022-02-14 00:00:00,0.0002175288684613,2022-02-14
2022-02-15 00:00:00,0.0002352809638766,2022-02-15
2022-02-16 00:00:00,0.000148720259295,2022-02-16
2022-02-17 00:00:00,5.746163894600296e-05,2022-02-17
2022-02-18 00:00:00,7.410833580596865e-05,2022-02-18
2022-02-19 00:00:00,9.075503266593432e-05,2022-02-19
2022-02-20 00:00:00,0.0001074017295259,2022-02-20
2022-02-21 00:00:00,0.0001186197066515,2022-02-21
2022-02-22 00:00:00,0.0002358494800091,2022-02-22
2022-02-23 00:00:00,0.0002152802490189,2022-02-23
2022-02-24 00:00:00,0.0001947110180287,2022-02-24
2022-02-25 00:00:00,0.0001741417870386,2022-02-25
2022-02-26 00:00:00,0.0001535725560484,2022-02-26
2022-02-27 00:00:00,0.0001330033250583,2022-02-27
2022-02-28 00:00:00,8.208431939115771e-05,2022-02-28
2022-03-01 00:00:00,-2.1348945607030778e-05,2022-03-01
2022-03-02 00:00:00,2.9231635854553782e-06,2022-03-02
2022-03-03 00:00:00,2.719527277794153e-05,2022-03-03
2022-03-04 00:00:00,5.14673819704277e-05,2022-03-04
2022-03-05 00:00:00,7.573949116291385e-05,2022-03-05
2022-03-06 00:00:00,0.0001000116003554,2022-03-06
2022-03-07 00:00:00,7.495004026078675e-05,2022-03-07
2022-03-08 00:00:00,4.988848016617349e-05,2022-03-08
2022-03-09 00:00:00,9.5677355513472e-05,2022-03-09
2022-03-10 00:00:00,2.166465297883114e-05,2022-03-10
2022-03-11 00:00:00,6.035951798967552e-05,2022-03-11
2022-03-12 00:00:00,3.306949904638597e-06,2022-03-12
2022-03-13 00:00:00,1.245432806618375e-05,2022-03-13
2022-03-14 00:00:00,0.0002237624382332,2022-03-14
2022-03-15 00:00:00,0.0002184511179294,2022-03-15
2022-03-16 00:00:00,0.0002131397976257,2022-03-16
2022-03-17 00:00:00,0.000207828477322,2022-03-17
2022-03-18 00:00:00,0.0002025171570183,2022-03-18
2022-03-19 00:00:00,0.0001972058367146,2022-03-19
2022-03-20 00:00:00,0.000230412959649,2022-03-20
2022-03-21 00:00:00,0.0001790222810192,2022-03-21
2022-03-22 00:00:00,0.0001276316023894,2022-03-22
2022-03-23 00:00:00,4.720987447887185e-05,2022-03-23
2022-03-24 00:00:00,0.0001703264531614,2022-03-24
2022-03-25 00:00:00,0.0002169561485166,2022-03-25
2022-03-26 00:00:00,9.688271680902353e-05,2022-03-26
2022-03-27 00:00:00,0.0001103898080965,2022-03-27
2022-03-28 00:00:00,2.4146558624289058e-05,2022-03-28
2022-03-29 00:00:00,0.0001853205842944,2022-03-29
2022-03-30 00:00:00,0.0001083465444516,2022-03-30
2022-03-31 00:00:00,0.0001034168669203,2022-03-31
2022-04-01 00:00:00,0.0001546242942771,2022-04-01
2022-04-02 00:00:00,0.0001271781576923,2022-04-02
2022-04-03 00:00:00,9.973202110753912e-05,2022-04-03
2022-04-04 00:00:00,6.933834462065977e-05,2022-04-04
2022-04-05 00:00:00,4.854575288822801e-05,2022-04-05
2022-04-06 00:00:00,8.275652252726402e-05,2022-04-06
2022-04-07 00:00:00,0.0001169672921663,2022-04-07
2022-04-08 00:00:00,0.0001753401330877,2022-04-08
2022-04-09 00:00:00,0.0002337129740092,2022-04-09
2022-04-10 00:00:00,0.0001275943328317,2022-04-10
2022-04-11 00:00:00,2.1475691654300016e-05,2022-04-11
2022-04-12 00:00:00,-8.464294952314997e-05,2022-04-12
2022-04-14 00:00:00,-4.638490686745522e-05,2022-04-14
2022-04-15 00:00:00,9.799177696568956e-05,2022-04-15
2022-04-16 00:00:00,0.0001300622257562,2022-04-16
2022-04-17 00:00:00,0.0001392796263595,2022-04-17
2022-04-18 00:00:00,0.0001484970269628,2022-04-18
2022-04-19 00:00:00,0.0001577144275662,2022-04-19
2022-04-20 00:00:00,0.0001045685802092,2022-04-20
2022-04-21 00:00:00,0.0001620935543707,2022-04-21
2022-04-22 00:00:00,0.0001241728614226,2022-04-22
2022-04-23 00:00:00,8.625216847450358e-05,2022-04-23
2022-04-24 00:00:00,4.833147552640538e-05,2022-04-24
2022-04-25 00:00:00,6.699135153564469e-05,2022-04-25
2022-04-27 00:00:00,-1.789984898349953e-05,2022-04-27
2022-04-28 00:00:00,4.4099486636866985e-05,2022-04-28
2022-04-29 00:00:00,0.0001060988222572,2022-04-29
2022-04-30 00:00:00,0.0001680981578776,2022-04-30
2022-05-01 00:00:00,0.0001716319285998,2022-05-01
2022-05-02 00:00:00,0.000153941952826,2022-05-02
2022-05-03 00:00:00,0.0001359146346689,2022-05-03
2022-05-04 00:00:00,0.0001178873165119,2022-05-04
2022-05-05 00:00:00,0.000336141818107,2022-05-05
2022-05-06 00:00:00,8.519768010760423e-05,2022-05-06
2022-05-07 00:00:00,0.0002533713233931,2022-05-07
2022-05-08 00:00:00,0.0002574768068009,2022-05-08
2022-05-09 00:00:00,0.0002615822902087,2022-05-09
2022-05-10 00:00:00,0.0003260537352045,2022-05-10
2022-05-11 00:00:00,0.0001853987453654,2022-05-11
2022-05-12 00:00:00,-1.2951591956228208e-05,2022-05-12
2022-05-13 00:00:00,0.0001471338287625,2022-05-13
2022-05-14 00:00:00,0.0001242535965618,2022-05-14
2022-05-15 00:00:00,0.0001013733643611,2022-05-15
2022-05-16 00:00:00,7.849313216053559e-05,2022-05-16
2022-05-17 00:00:00,0.0001782288875125,2022-05-17
2022-05-18 00:00:00,0.0001052787391371,2022-05-18
2022-05-19 00:00:00,3.2328590761790106e-05,2022-05-19
2022-05-20 00:00:00,-4.062155761356486e-05,2022-05-20
2022-05-21 00:00:00,9.552801891786758e-05,2022-05-21
2022-05-22 00:00:00,0.0002316775954493,2022-05-22
2022-05-23 00:00:00,0.0001570958527437,2022-05-23
2022-05-24 00:00:00,0.0001325192301693,2022-05-24
2022-05-25 00:00:00,0.0001079426075949,2022-05-25
2022-05-26 00:00:00,0.0001815820931092,2022-05-26
2022-05-27 00:00:00,0.0002552215786235,2022-05-27
2022-05-28 00:00:00,0.0001120476827857,2022-05-28
2022-05-30 00:00:00,0.0002946396191088,2022-05-30
2022-05-31 00:00:00,0.0002165494654318,2022-05-31
2022-06-01 00:00:00,0.0001384593117549,2022-06-01
2022-06-02 00:00:00,0.0001899497755579,2022-06-02
2022-06-03 00:00:00,0.000154430664195,2022-06-03
2022-06-04 00:00:00,0.0001355431669568,2022-06-04
2022-06-05 00:00:00,0.0001511694026243,2022-06-05
2022-06-06 00:00:00,0.0001212080983176,2022-06-06
2022-06-07 00:00:00,9.12467940109416e-05,2022-06-07
2022-06-08 00:00:00,6.128548970426238e-05,2022-06-08
2022-06-09 00:00:00,0.0001035015010667,2022-06-09
2022-06-10 00:00:00,0.0001361726816509,2022-06-10
2022-06-11 00:00:00,0.0001515250469141,2022-06-11
2022-06-12 00:00:00,0.0001668774121773,2022-06-12
2022-06-13 00:00:00,4.762407485519899e-05,2022-06-13
2022-06-14 00:00:00,1.223302247733631e-05,2022-06-14
2022-06-15 00:00:00,3.2757404809700976e-05,2022-06-15
2022-06-16 00:00:00,5.328178714206563e-05,2022-06-16
2022-06-17 00:00:00,7.380616947443029e-05,2022-06-17
2022-06-18 00:00:00,9.433055180679496e-05,2022-06-18
2022-06-19 00:00:00,0.0001079864813857,2022-06-19
2022-06-20 00:00:00,0.0001567932746961,2022-06-20
2022-06-21 00:00:00,0.0003269035083558,2022-06-21
2022-06-22 00:00:00,0.0001270743896241,2022-06-22
2022-06-23 00:00:00,0.0001922014131318,2022-06-23
2022-06-24 00:00:00,4.768660969790184e-05,2022-06-24
2022-06-25 00:00:00,9.226980633505304e-05,2022-06-25
2022-06-26 00:00:00,0.0001320930264031,2022-06-26
2022-06-27 00:00:00,0.0001858326231719,2022-06-27
2022-06-28 00:00:00,0.0002148847053817,2022-06-28
2022-06-29 00:00:00,0.000279796277381,2022-06-29
2022-06-30 00:00:00,0.0001057316811367,2022-06-30
2022-07-01 00:00:00,0.0001775011462612,2022-07-01
2022-07-02 00:00:00,0.0002002947380976,2022-07-02
2022-07-03 00:00:00,0.0002230883299341,2022-07-03
2022-07-04 00:00:00,0.0002430080421285,2022-07-04
2022-07-05 00:00:00,0.0002240493046147,2022-07-05
2022-07-06 00:00:00,0.0002050905671009,2022-07-06
2022-07-07 00:00:00,0.0001861318295872,2022-07-07
2022-07-08 00:00:00,0.0001675389009869,2022-07-08
2022-07-09 00:00:00,0.0001399225574384,2022-07-09
2022-07-10 00:00:00,0.0001487860467716,2022-07-10
2022-07-11 00:00:00,0.0001576495361048,2022-07-11
2022-07-12 00:00:00,0.0001665130254381,2022-07-12
2022-07-13 00:00:00,0.0001564191829386,2022-07-13
2022-07-14 00:00:00,0.0001606455341105,2022-07-14
2022-07-15 00:00:00,0.0001240808490515,2022-07-15
2022-07-16 00:00:00,0.0001263453095549,2022-07-16
2022-07-17 00:00:00,0.0001145647695053,2022-07-17
2022-07-18 00:00:00,0.0001027842294558,2022-07-18
2022-07-19 00:00:00,9.10036894063418e-05,2022-07-19
2022-07-20 00:00:00,7.922314935682241e-05,2022-07-20
2022-07-21 00:00:00,7.15820446252734e-05,2022-07-21
2022-07-22 00:00:00,6.394093989372439e-05,2022-07-22
2022-07-23 00:00:00,5.6299835162175376e-05,2022-07-23
2022-07-24 00:00:00,0.0001498005880604,2022-07-24
2022-07-25 00:00:00,0.0002433013409587,2022-07-25
2022-07-26 00:00:00,0.000121634786916,2022-07-26
2022-07-27 00:00:00,6.428615959254006e-06,2022-07-27
2022-07-28 00:00:00,5.9622947939927006e-05,2022-07-28
2022-07-29 00:00:00,0.0001128172799206,2022-07-29
2022-07-30 00:00:00,0.0002095414536144,2022-07-30
2022-07-31 00:00:00,0.0003062656273082,2022-07-31
2022-08-01 00:00:00,0.0001290827891182,2022-08-01
2022-08-02 00:00:00,0.0001541442650886,2022-08-02
2022-08-03 00:00:00,0.0001792057410591,2022-08-03
2022-08-04 00:00:00,0.0002042672170295,2022-08-04
2022-08-05 00:00:00,0.000229328693,2022-08-05
2022-08-06 00:00:00,0.0002543901689705,2022-08-06
2022-08-07 00:00:00,0.0001017634395562,2022-08-07
2022-08-08 00:00:00,0.0001829580203988,2022-08-08
2022-08-09 00:00:00,8.062365705673347e-05,2022-08-09
2022-08-10 00:00:00,0.0001610837682542,2022-08-10
2022-08-11 00:00:00,2.2865425815258053e-06,2022-08-11
2022-08-12 00:00:00,0.0001619384174868,2022-08-12
2022-08-13 00:00:00,0.0001503587353576,2022-08-13
2022-08-14 00:00:00,0.0001374523605596,2022-08-14
2022-08-15 00:00:00,0.0001245459857616,2022-08-15
2022-08-16 00:00:00,0.0003082326214618,2022-08-16
2022-08-17 00:00:00,5.2945067858026587e-05,2022-08-17
2022-08-18 00:00:00,0.0001119915697798,2022-08-18
2022-08-19 00:00:00,0.0001681839103357,2022-08-19
2022-08-20 00:00:00,0.0001013076531289,2022-08-20
2022-08-21 00:00:00,6.29574887333676e-05,2022-08-21
2022-08-22 00:00:00,0.0001796024235958,2022-08-22
2022-08-23 00:00:00,0.0002028333078322,2022-08-23
2022-08-24 00:00:00,0.000114355256366,2022-08-24
2022-08-25 00:00:00,0.0001683585832344,2022-08-25
2022-08-26 00:00:00,0.0002674870912888,2022-08-26
2022-08-28 00:00:00,0.0001464442103297,2022-08-28
2022-08-29 00:00:00,8.490605014019833e-05,2022-08-29
2022-08-30 00:00:00,2.336788995069665e-05,2022-08-30
2022-08-31 00:00:00,-4.9090710616368896e-05,2022-08-31
2022-09-04 00:00:00,-7.049555369701999e-05,2022-09-04
2022-09-05 00:00:00,-8.739374670279975e-06,2022-09-05
2022-09-06 00:00:00,5.3016804356460014e-05,2022-09-06
2022-09-07 00:00:00,0.0001147729833832,2022-09-07
2022-09-08 00:00:00,3.905185874071456e-05,2022-09-08
2022-09-09 00:00:00,0.0002730446005315,2022-09-09
2022-09-10 00:00:00,5.350097557863378e-05,2022-09-10
2022-09-11 00:00:00,0.0001540184275233,2022-09-11
2022-09-12 00:00:00,0.0001640793984975,2022-09-12
2022-09-13 00:00:00,0.0001930638551392,2022-09-13
2022-09-14 00:00:00,6.786710606271234e-05,2022-09-14
2022-09-15 00:00:00,0.0001787747159061,2022-09-15
2022-09-16 00:00:00,0.0002386492077856,2022-09-16
2022-09-17 00:00:00,0.0002231763573087,2022-09-17
2022-09-18 00:00:00,0.0002391497194981,2022-09-18
2022-09-19 00:00:00,0.0001723798358609,2022-09-19
2022-09-20 00:00:00,0.0001056099522237,2022-09-20
2022-09-21 00:00:00,0.0001441584638045,2022-09-21
2022-09-22 00:00:00,0.000180134265529,2022-09-22
2022-09-23 00:00:00,0.0002096296985214,2022-09-23
2022-09-24 00:00:00,0.0001260005997334,2022-09-24
2022-09-25 00:00:00,4.108181633291604e-05,2022-09-25
2022-09-26 00:00:00,0.0002736688401451,2022-09-26
2022-09-27 00:00:00,0.0001774220567011,2022-09-27
2022-09-28 00:00:00,7.473091992894668e-05,2022-09-28
2022-09-29 00:00:00,0.0002376223375043,2022-09-29
2022-09-30 00:00:00,0.0002042838333523,2022-09-30
2022-10-01 00:00:00,0.0001709453292002,2022-10-01
2022-10-02 00:00:00,0.0001376068250483,2022-10-02
2022-10-03 00:00:00,0.0002067781155085,2022-10-03
2022-10-04 00:00:00,0.0001246335301755,2022-10-04
2022-10-05 00:00:00,9.568869963042408e-05,2022-10-05
2022-10-06 00:00:00,6.674386908534818e-05,2022-10-06
2022-10-07 00:00:00,0.0001155583898282,2022-10-07
2022-10-08 00:00:00,0.0001643729105712,2022-10-08
2022-10-09 00:00:00,0.0002193730183409,2022-10-09
2022-10-10 00:00:00,0.0001731531599206,2022-10-10
2022-10-11 00:00:00,0.0001269333015004,2022-10-11
2022-10-12 00:00:00,8.07134430802648e-05,2022-10-12
2022-10-13 00:00:00,3.449358466005306e-05,2022-10-13
2022-10-14 00:00:00,0.000282090150799,2022-10-14
2022-10-15 00:00:00,0.0002625676565787,2022-10-15
2022-10-16 00:00:00,0.0002430451623584,2022-10-16
2022-10-17 00:00:00,0.0002235226681381,2022-10-17
2022-10-18 00:00:00,0.0002040001739178,2022-10-18
2022-10-19 00:00:00,0.0001844776796976,2022-10-19
2022-10-20 00:00:00,0.0001578350670552,2022-10-20
2022-10-21 00:00:00,0.0001474697865508,2022-10-21
2022-10-22 00:00:00,0.0001371045060465,2022-10-22
2022-10-23 00:00:00,0.0001267392255422,2022-10-23
2022-10-24 00:00:00,-2.580846985374881e-05,2022-10-24
2022-10-25 00:00:00,0.0002098742992258,2022-10-25
2022-10-26 00:00:00,0.0002078458990396,2022-10-26
2022-10-27 00:00:00,0.0002058174988534,2022-10-27
2022-10-28 00:00:00,0.0002037890986673,2022-10-28
2022-10-29 00:00:00,6.325801240601419e-05,2022-10-29
2022-10-30 00:00:00,0.0001203918925995,2022-10-30
2022-10-31 00:00:00,0.000177525772793,2022-10-31
2022-11-01 00:00:00,8.213578400522161e-05,2022-11-01
2022-11-02 00:00:00,-3.319674515378919e-05,2022-11-02
2022-11-04 00:00:00,0.0002183766681905,2022-11-04
2022-11-05 00:00:00,0.0002417964978645,2022-11-05
2022-11-06 00:00:00,0.0002652163275385,2022-11-06
2022-11-07 00:00:00,0.0002442259891411,2022-11-07
2022-11-08 00:00:00,0.0002232356507437,2022-11-08
2022-11-09 00:00:00,0.0002022453123464,2022-11-09
2022-11-10 00:00:00,0.000181254973949,2022-11-10
2022-11-11 00:00:00,0.0001602646355517,2022-11-11
2022-11-12 00:00:00,0.0001392742971543,2022-11-12
2022-11-13 00:00:00,0.000118283958757,2022-11-13
2022-11-14 00:00:00,9.729362035964554e-05,2022-11-14
2022-11-17 00:00:00,6.894515349944049e-05,2022-11-17
2022-11-18 00:00:00,7.780310383952852e-05,2022-11-18
2022-11-19 00:00:00,8.666105417961654e-05,2022-11-19
2022-11-20 00:00:00,9.551900451970456e-05,2022-11-20
2022-11-21 00:00:00,0.0001791424780923,2022-11-21
2022-11-22 00:00:00,0.0001254390730609,2022-11-22
2022-11-23 00:00:00,8.874084220591178e-05,2022-11-23
2022-11-24 00:00:00,0.000131500817061,2022-11-24
2022-11-25 00:00:00,0.0001742607919161,2022-11-25
2022-11-26 00:00:00,0.0002330772546708,2022-11-26
2022-11-27 00:00:00,9.664530080675252e-05,2022-11-27
2022-11-28 00:00:00,7.582678952409629e-05,2022-11-28
2022-11-29 00:00:00,9.087931387600552e-05,2022-11-29
2022-11-30 00:00:00,3.4301254109747285e-05,2022-11-30
2022-12-01 00:00:00,2.9435800787025596e-05,2022-12-01
2022-12-02 00:00:00,2.45703474643039e-05,2022-12-02
2022-12-03 00:00:00,1.970489414158221e-05,2022-12-03
2022-12-04 00:00:00,1.483944081886052e-05,2022-12-04
2022-12-05 00:00:00,1.736130913485241e-05,2022-12-05
2022-12-06 00:00:00,1.98831774508443e-05,2022-12-06
2022-12-07 00:00:00,2.240504576683619e-05,2022-12-07
2022-12-08 00:00:00,2.492691408282808e-05,2022-12-08
2022-12-09 00:00:00,2.744878239881997e-05,2022-12-09
2022-12-10 00:00:00,2.997065071481186e-05,2022-12-10
2022-12-11 00:00:00,3.249251903080375e-05,2022-12-11
2022-12-12 00:00:00,9.332391497136552e-05,2022-12-12
2022-12-13 00:00:00,0.0001132003923718,2022-12-13
2022-12-14 00:00:00,0.0002332113942527,2022-12-14
2022-12-15 00:00:00,0.0001380992484361,2022-12-15
2022-12-16 00:00:00,0.0001272168292765,2022-12-16
2022-12-17 00:00:00,0.000116334410117,2022-12-17
2022-12-18 00:00:00,0.0001054519909575,2022-12-18
2022-12-19 00:00:00,9.456957179803116e-05,2022-12-19
2022-12-20 00:00:00,8.368715263851397e-05,2022-12-20
2022-12-21 00:00:00,7.280473347899677e-05,2022-12-21
2022-12-22 00:00:00,6.192231431947956e-05,2022-12-22
2022-12-23 00:00:00,-9.605551212045568e-05,2022-12-23
2022-12-24 00:00:00,-4.275007150000717e-05,2022-12-24
2022-12-25 00:00:00,1.0555369120441349e-05,2022-12-25
2022-12-26 00:00:00,6.386080974088986e-05,2022-12-26
2022-12-27 00:00:00,0.0001288000959468,2022-12-27
2022-12-28 00:00:00,3.737630164151148e-05,2022-12-28
2022-12-29 00:00:00,-1.2259724030692927e-06,2022-12-29
2022-12-30 00:00:00,9.13798610881482e-05,2022-12-30
2023-01-01 00:00:00,0.0001283335866089,2023-01-01
2023-01-02 00:00:00,-6.538889368742119e-05,2023-01-02
2023-01-03 00:00:00,-5.2579317348771765e-05,2023-01-03
2023-01-04 00:00:00,-3.976974101012234e-05,2023-01-04
2023-01-05 00:00:00,-2.696016467147291e-05,2023-01-05
2023-01-06 00:00:00,-1.4150588332823482e-05,2023-01-06
2023-01-07 00:00:00,7.439011070359557e-06,2023-01-07
2023-01-08 00:00:00,2.9028610473542594e-05,2023-01-08
2023-01-09 00:00:00,5.0618209876725634e-05,2023-01-09
2023-01-10 00:00:00,7.220780927990868e-05,2023-01-10
2023-01-11 00:00:00,0.0001394416334966,2023-01-11
2023-01-12 00:00:00,5.249303692578621e-05,2023-01-12
2023-01-13 00:00:00,5.000602058414524e-06,2023-01-13
2023-01-14 00:00:00,-1.0991958097525938e-06,2023-01-14
2023-01-15 00:00:00,-7.1989936779197125e-06,2023-01-15
2023-01-16 00:00:00,8.863289752844428e-05,2023-01-16
2023-01-17 00:00:00,7.784952014681985e-05,2023-01-17
2023-01-18 00:00:00,6.706614276519543e-05,2023-01-18
2023-01-19 00:00:00,5.6282765383571e-05,2023-01-19
2023-01-20 00:00:00,5.881926751478011e-05,2023-01-20
2023-01-21 00:00:00,6.135576964598922e-05,2023-01-21
2023-01-22 00:00:00,6.389227177719831e-05,2023-01-22
2023-01-23 00:00:00,6.642877390840742e-05,2023-01-23
2023-01-24 00:00:00,6.896527603961653e-05,2023-01-24
2023-01-25 00:00:00,7.150177817082563e-05,2023-01-25
2023-01-26 00:00:00,7.403828030203474e-05,2023-01-26
2023-01-27 00:00:00,7.657478243324384e-05,2023-01-27
2023-01-28 00:00:00,7.911128456445294e-05,2023-01-28
2023-01-29 00:00:00,5.354888098592442e-05,2023-01-29
2023-01-30 00:00:00,5.100918282266915e-05,2023-01-30
2023-01-31 00:00:00,4.8469484659413886e-05,2023-01-31
2023-02-01 00:00:00,4.592978649615862e-05,2023-02-01
2023-02-02 00:00:00,4.339008833290335e-05,2023-02-02
2023-02-03 00:00:00,4.085039016964808e-05,2023-02-03
2023-02-04 00:00:00,3.831069200639281e-05,2023-02-04
2023-02-05 00:00:00,3.577099384313754e-05,2023-02-05
2023-02-06 00:00:00,3.323129567988228e-05,2023-02-06
2023-02-07 00:00:00,3.0691597516627005e-05,2023-02-07
2023-02-08 00:00:00,2.815189935337174e-05,2023-02-08
2023-02-09 00:00:00,-5.631724408819705e-05,2023-02-09
2023-02-10 00:00:00,-3.298191231422971e-05,2023-02-10
2023-02-11 00:00:00,-9.646580540262376e-06,2023-02-11
2023-02-12 00:00:00,1.3688751233704951e-05,2023-02-12
2023-02-13 00:00:00,9.253631953502777e-06,2023-02-13
2023-02-14 00:00:00,-2.1692850679357405e-05,2023-02-14
2023-02-15 00:00:00,2.0453660732441056e-05,2023-02-15
2023-02-16 00:00:00,4.038898132384221e-05,2023-02-16
2023-02-17 00:00:00,-4.010055191390691e-06,2023-02-17
2023-02-18 00:00:00,0.0001148673853688,2023-02-18
2023-02-19 00:00:00,9.1741979715572e-05,2023-02-19
2023-02-20 00:00:00,6.861657406234399e-05,2023-02-20
2023-02-21 00:00:00,4.549116840911597e-05,2023-02-21
2023-02-22 00:00:00,2.236576275588796e-05,2023-02-22
2023-02-23 00:00:00,4.146672794182271e-05,2023-02-23
2023-02-24 00:00:00,6.056769312775744e-05,2023-02-24
2023-02-25 00:00:00,0.0001596039755767,2023-02-25
2023-02-26 00:00:00,8.01480141602954e-05,2023-02-26
2023-02-27 00:00:00,8.178541484996069e-05,2023-02-27
2023-02-28 00:00:00,8.342281553962597e-05,2023-02-28
2023-03-01 00:00:00,8.506021622929126e-05,2023-03-01
2023-03-02 00:00:00,8.669761691895654e-05,2023-03-02
2023-03-03 00:00:00,8.833501760862181e-05,2023-03-03
2023-03-04 00:00:00,8.997241829828709e-05,2023-03-04
2023-03-05 00:00:00,9.160981898795238e-05,2023-03-05
2023-03-06 00:00:00,9.324721967761766e-05,2023-03-06
2023-03-07 00:00:00,0.0001219175669072,2023-03-07
2023-03-08 00:00:00,0.0001226534960895,2023-03-08
2023-03-09 00:00:00,0.0001233894252718,2023-03-09
2023-03-10 00:00:00,0.0001241253544541,2023-03-10
2023-03-11 00:00:00,0.0001248612836364,2023-03-11
2023-03-12 00:00:00,0.0001255972128188,2023-03-12
2023-03-13 00:00:00,0.0001263331420011,2023-03-13
2023-03-14 00:00:00,0.0001270690711834,2023-03-14
2023-03-15 00:00:00,0.0001278050003658,2023-03-15
2023-03-16 00:00:00,0.000115015550703,2023-03-16
2023-03-17 00:00:00,0.0001022261010403,2023-03-17
2023-03-18 00:00:00,6.01184240263142e-05,2023-03-18
2023-03-19 00:00:00,5.759189249623662e-05,2023-03-19
2023-03-20 00:00:00,5.506536096615905e-05,2023-03-20
2023-03-21 00:00:00,5.2538829436081474e-05,2023-03-21
2023-03-22 00:00:00,7.30273155036859e-05,2023-03-22
2023-03-23 00:00:00,0.0001261066455868,2023-03-23
2023-03-24 00:00:00,6.108779062711585e-05,2023-03-24
2023-03-25 00:00:00,0.000142868833949,2023-03-25
2023-03-26 00:00:00,1.4922944855089468e-05,2023-03-26
2023-03-27 00:00:00,0.0001491793745415,2023-03-27
2023-03-28 00:00:00,5.902269883642364e-05,2023-03-28
2023-03-29 00:00:00,0.0002249340753638,2023-03-29
2023-03-30 00:00:00,0.0001262377182972,2023-03-30
2023-03-31 00:00:00,0.0001279941746677,2023-03-31
2023-04-01 00:00:00,0.0002433836838427,2023-04-01
2023-04-02 00:00:00,0.0001831173118958,2023-04-02
2023-04-03 00:00:00,0.0001878093548256,2023-04-03
2023-04-04 00:00:00,0.0001405635939638,2023-04-04
2023-04-05 00:00:00,9.33178331021272e-05,2023-04-05
2023-04-06 00:00:00,0.0001446547338905,2023-04-06
2023-04-07 00:00:00,0.0001867145817621,2023-04-07
2023-04-08 00:00:00,0.0001305880229039,2023-04-08
2023-04-09 00:00:00,7.446146404588103e-05,2023-04-09
2023-04-10 00:00:00,0.000272307226341,2023-04-10
2023-04-11 00:00:00,3.961633975034271e-05,2023-04-11
2023-04-12 00:00:00,0.0001254275484334,2023-04-12
2023-04-13 00:00:00,0.0001222713386364,2023-04-13
2023-04-14 00:00:00,0.0002009165835803,2023-04-14
2023-04-15 00:00:00,0.0002510396238093,2023-04-15
2023-04-16 00:00:00,0.000265150836467,2023-04-16
2023-04-17 00:00:00,0.0001828469312692,2023-04-17
2023-04-18 00:00:00,5.927236796484201e-05,2023-04-18
2023-04-19 00:00:00,0.0001261644770672,2023-04-19
2023-04-20 00:00:00,0.0001603608597523,2023-04-20
2023-04-21 00:00:00,0.0001542199052044,2023-04-21
2023-04-22 00:00:00,0.0001480789506565,2023-04-22
2023-04-23 00:00:00,6.802841572613187e-05,2023-04-23
2023-04-24 00:00:00,0.0001909498520623,2023-04-24
2023-04-25 00:00:00,0.0001706268709005,2023-04-25
2023-04-26 00:00:00,0.0001503038897387,2023-04-26
2023-04-27 00:00:00,0.0001299809085769,2023-04-27
2023-04-28 00:00:00,0.0001162336320814,2023-04-28
2023-04-29 00:00:00,0.0001138521200377,2023-04-29
2023-04-30 00:00:00,0.0001114706079942,2023-04-30
2023-05-01 00:00:00,0.0001465104400869,2023-05-01
2023-05-02 00:00:00,0.0001815502721797,2023-05-02
2023-05-03 00:00:00,0.0002165901042724,2023-05-03
2023-05-04 00:00:00,0.0002516299363652,2023-05-04
2023-05-05 00:00:00,0.0001829708829379,2023-05-05
2023-05-06 00:00:00,0.0001143118295107,2023-05-06
2023-05-07 00:00:00,0.0001260675316399,2023-05-07
2023-05-08 00:00:00,0.0001378232337692,2023-05-08
2023-05-09 00:00:00,0.0001482040829134,2023-05-09
2023-05-10 00:00:00,0.0001585849320577,2023-05-10
2023-05-11 00:00:00,0.000168965781202,2023-05-11
2023-05-12 00:00:00,0.0001793466303463,2023-05-12
2023-05-13 00:00:00,0.0001192544174359,2023-05-13
2023-05-14 00:00:00,0.0001549257019435,2023-05-14
2023-05-15 00:00:00,0.0001160242998702,2023-05-15
2023-05-16 00:00:00,-6.380867365829729e-05,2023-05-16
2023-05-17 00:00:00,0.0002239920749595,2023-05-17
2023-05-18 00:00:00,8.010698090335367e-05,2023-05-18
2023-05-19 00:00:00,0.0001438446510678,2023-05-19
2023-05-20 00:00:00,0.0001816335357648,2023-05-20
2023-05-22 00:00:00,2.0861132598500053e-06,2023-05-22
2023-05-23 00:00:00,0.0001173338583628,2023-05-23
2023-05-24 00:00:00,0.0001674213574888,2023-05-24
2023-05-25 00:00:00,4.471236742579997e-05,2023-05-25
2023-05-26 00:00:00,0.0002027984682162,2023-05-26
2023-05-27 00:00:00,0.0001507377261922,2023-05-27
2023-05-28 00:00:00,9.86769841683378e-05,2023-05-28
2023-05-29 00:00:00,0.0001314109601269,2023-05-29
2023-05-30 00:00:00,0.0001641449360856,2023-05-30
2023-05-31 00:00:00,0.0002273388996954,2023-05-31
2023-06-01 00:00:00,0.0001877292285263,2023-06-01
2023-06-02 00:00:00,0.0002692410911153,2023-06-02
2023-06-03 00:00:00,0.0003196908063168,2023-06-03
2023-06-04 00:00:00,0.0002066275469248,2023-06-04
2023-06-05 00:00:00,0.0001405528952863,2023-06-05
2023-06-06 00:00:00,0.0001511723021407,2023-06-06
2023-06-07 00:00:00,0.0002024416598184,2023-06-07
2023-06-08 00:00:00,0.000188782809754,2023-06-08
2023-06-09 00:00:00,0.0002056168337351,2023-06-09
2023-06-10 00:00:00,0.0001173718132475,2023-06-10
2023-06-11 00:00:00,9.2957890882259e-05,2023-06-11
2023-06-12 00:00:00,8.747197804643791e-05,2023-06-12
2023-06-13 00:00:00,8.198606521061681e-05,2023-06-13
2023-06-14 00:00:00,6.809079202248158e-05,2023-06-14
2023-06-15 00:00:00,0.0001090269070658,2023-06-15
2023-06-16 00:00:00,-1.816233102045225e-05,2023-06-16
2023-06-17 00:00:00,0.000215583682279,2023-06-17
2023-06-18 00:00:00,0.0002073249803378,2023-06-18
2023-06-19 00:00:00,0.0001990662783967,2023-06-19
2023-06-20 00:00:00,0.0001937465135267,2023-06-20
2023-06-21 00:00:00,0.0001692305418201,2023-06-21
2023-06-22 00:00:00,0.0001447145701136,2023-06-22
2023-06-23 00:00:00,0.0001188696784797,2023-06-23
2023-06-24 00:00:00,0.0002120020773062,2023-06-24
2023-06-25 00:00:00,0.0002117889012158,2023-06-25
2023-06-26 00:00:00,0.000204951550104,2023-06-26
2023-06-27 00:00:00,0.0001981141989922,2023-06-27
2023-06-28 00:00:00,0.000198727327549,2023-06-28
2023-06-29 00:00:00,0.0001993404561058,2023-06-29
2023-06-30 00:00:00,0.0001702618891156,2023-06-30
2023-07-01 00:00:00,0.0001851824072124,2023-07-01
2023-07-02 00:00:00,9.482039145449576e-05,2023-07-02
2023-07-03 00:00:00,4.458375696591515e-06,2023-07-03
2023-07-04 00:00:00,3.917401733984364e-05,2023-07-04
2023-07-05 00:00:00,7.388965898309576e-05,2023-07-05
2023-07-06 00:00:00,0.0001086053006263,2023-07-06
2023-07-07 00:00:00,0.0001433209422696,2023-07-07
2023-07-08 00:00:00,0.0001550443980398,2023-07-08
2023-07-09 00:00:00,0.0001554796344846,2023-07-09
2023-07-10 00:00:00,0.0001622265347409,2023-07-10
2023-07-11 00:00:00,0.0001689734349972,2023-07-11
2023-07-12 00:00:00,0.0001757203352536,2023-07-12
2023-07-13 00:00:00,9.66009876480142e-05,2023-07-13
2023-07-14 00:00:00,0.000103532686721,2023-07-14
2023-07-15 00:00:00,0.0001104643857941,2023-07-15
2023-07-16 00:00:00,0.0001189682080453,2023-07-16
2023-07-17 00:00:00,0.0001208383808773,2023-07-17
2023-07-18 00:00:00,0.0002733912306849,2023-07-18
2023-07-19 00:00:00,0.0001187002606663,2023-07-19
2023-07-20 00:00:00,0.000106830889115,2023-07-20
2023-07-21 00:00:00,5.668722090635835e-05,2023-07-21
2023-07-22 00:00:00,0.0001564204705716,2023-07-22
2023-07-23 00:00:00,0.0002179046190634,2023-07-23
2023-07-24 00:00:00,0.0002289878203922,2023-07-24
2023-07-25 00:00:00,0.0002400710217211,2023-07-25
2023-07-26 00:00:00,0.00025115422305,2023-07-26
2023-07-27 00:00:00,0.0001281007107946,2023-07-27
2023-07-28 00:00:00,0.0001021441512912,2023-07-28
2023-07-29 00:00:00,0.000160103284933,2023-07-29
2023-07-31 00:00:00,0.0003153998737732,2023-07-31
2023-08-01 00:00:00,0.0001898763432625,2023-08-01
2023-08-02 00:00:00,0.0002473665619546,2023-08-02
2023-08-03 00:00:00,0.0002419714719441,2023-08-03
2023-08-04 00:00:00,0.0001980778409538,2023-08-04
2023-08-05 00:00:00,0.000339990918534,2023-08-05
2023-08-06 00:00:00,8.58559710118409e-05,2023-08-06
2023-08-07 00:00:00,0.0001988308266181,2023-08-07
2023-08-08 00:00:00,0.0001747349879002,2023-08-08
2023-08-09 00:00:00,7.091945495140999e-05,2023-08-09
2023-08-10 00:00:00,0.0002060501310639,2023-08-10
2023-08-11 00:00:00,0.0002101634522212,2023-08-11
2023-08-12 00:00:00,0.0002142767733785,2023-08-12
2023-08-13 00:00:00,7.606611022324817e-05,2023-08-13
2023-08-14 00:00:00,0.0002149717127502,2023-08-14
2023-08-15 00:00:00,-1.4876371791710104e-05,2023-08-15
2023-08-16 00:00:00,6.697226877454496e-05,2023-08-16
2023-08-17 00:00:00,0.0001488209093408,2023-08-17
2023-08-18 00:00:00,0.0001986075882669,2023-08-18
2023-08-19 00:00:00,0.0002184072913769,2023-08-19
2023-08-20 00:00:00,0.0001889968215497,2023-08-20
2023-08-21 00:00:00,0.0001839161318884,2023-08-21
2023-08-22 00:00:00,0.0002007753090087,2023-08-22
2023-08-23 00:00:00,0.000217634486129,2023-08-23
2023-08-24 00:00:00,0.0002795520334689,2023-08-24
2023-08-25 00:00:00,0.0001930577869529,2023-08-25
2023-08-26 00:00:00,0.0001537767020066,2023-08-26
2023-08-27 00:00:00,0.0001306376612999,2023-08-27
2023-08-28 00:00:00,8.494988283375329e-05,2023-08-28
2023-08-29 00:00:00,0.0003244779146984,2023-08-29
2023-08-30 00:00:00,9.18672817281062e-05,2023-08-30
2023-08-31 00:00:00,0.0001311073839387,2023-08-31
2023-09-01 00:00:00,0.0001703474861493,2023-09-01
2023-09-02 00:00:00,0.0002095875883599,2023-09-02
2023-09-03 00:00:00,0.0002488276905705,2023-09-03
2023-09-04 00:00:00,0.0002880677927811,2023-09-04
2023-09-05 00:00:00,0.0003273078949918,2023-09-05
2023-09-09 00:00:00,0.0001726898125396,2023-09-09
2023-09-10 00:00:00,1.243351286251972e-05,2023-09-10
2023-09-11 00:00:00,6.777164075730987e-05,2023-09-11
2023-09-12 00:00:00,0.0001231097686521,2023-09-12
2023-09-13 00:00:00,0.000153971243539,2023-09-13
2023-09-14 00:00:00,0.000184832718426,2023-09-14
2023-09-15 00:00:00,0.000150824397993,2023-09-15
2023-09-16 00:00:00,0.00011681607756,2023-09-16
2023-09-17 00:00:00,8.280775712705926e-05,2023-09-17
2023-09-18 00:00:00,4.8799436694079015e-05,2023-09-18
2023-09-19 00:00:00,1.4791116261098748e-05,2023-09-19
2023-09-20 00:00:00,4.6070284664223045e-05,2023-09-20
2023-09-21 00:00:00,7.734945306734735e-05,2023-09-21
2023-09-22 00:00:00,0.0001528362231597,2023-09-22
2023-09-23 00:00:00,0.0002283229932522,2023-09-23
2023-09-24 00:00:00,0.0003038097633447,2023-09-24
2023-09-25 00:00:00,0.0002692169211824,2023-09-25
2023-09-26 00:00:00,0.0002706316474103,2023-09-26
2023-09-27 00:00:00,0.0002519967962625,2023-09-27
2023-09-28 00:00:00,0.0002064434430307,2023-09-28
2023-09-29 00:00:00,0.0001608900897989,2023-09-29
2023-09-30 00:00:00,0.0001153367365672,2023-09-30
2023-10-01 00:00:00,0.0001896120285948,2023-10-01
2023-10-02 00:00:00,0.0001304312694761,2023-10-02
2023-10-03 00:00:00,7.125051035746271e-05,2023-10-03
2023-10-04 00:00:00,1.206975123879408e-05,2023-10-04
2023-10-05 00:00:00,0.0001353586926937,2023-10-05
2023-10-06 00:00:00,0.0002586476341488,2023-10-06
2023-10-07 00:00:00,0.000182604875065,2023-10-07
2023-10-08 00:00:00,0.0001360973847355,2023-10-08
2023-10-09 00:00:00,8.95898944061068e-05,2023-10-09
2023-10-10 00:00:00,4.308240407666019e-05,2023-10-10
2023-10-11 00:00:00,0.0001467167176447,2023-10-11
2023-10-12 00:00:00,0.0002503510312128,2023-10-12
2023-10-13 00:00:00,0.0002320063792234,2023-10-13
2023-10-14 00:00:00,0.0002136617272341,2023-10-14
2023-10-15 00:00:00,0.0001953170752448,2023-10-15
2023-10-16 00:00:00,0.0001769724232555,2023-10-16
2023-10-17 00:00:00,0.00017671187136,2023-10-17
2023-10-18 00:00:00,0.0001441850645648,2023-10-18
2023-10-19 00:00:00,0.0001116582577697,2023-10-19
2023-10-20 00:00:00,7.913145097465855e-05,2023-10-20
2023-10-21 00:00:00,4.6604644179544725e-05,2023-10-21
2023-10-22 00:00:00,1.40778373844309e-05,2023-10-22
2023-10-23 00:00:00,3.4013250637031326e-05,2023-10-23
2023-10-24 00:00:00,5.394866388963175e-05,2023-10-24
2023-10-25 00:00:00,7.388407714223218e-05,2023-10-25
2023-10-26 00:00:00,9.38194903948326e-05,2023-10-26
2023-10-27 00:00:00,1.847003044224921e-05,2023-10-27
2023-10-28 00:00:00,3.2580251058464616e-05,2023-10-28
2023-10-29 00:00:00,4.669047167468003e-05,2023-10-29
2023-10-30 00:00:00,0.000110558657932,2023-10-30
2023-10-31 00:00:00,0.0001744268441894,2023-10-31
2023-11-01 00:00:00,0.0002382950304468,2023-11-01
2023-11-02 00:00:00,0.0002266978327428,2023-11-02
2023-11-03 00:00:00,0.0002151006350388,2023-11-03
2023-11-04 00:00:00,0.0002035034373348,2023-11-04
2023-11-05 00:00:00,0.0001919062396308,2023-11-05
2023-11-06 00:00:00,0.0001803090419269,2023-11-06
2023-11-07 00:00:00,0.0003361401746922,2023-11-07
2023-11-08 00:00:00,7.565548225803321e-05,2023-11-08
2023-11-09 00:00:00,5.817718283381468e-05,2023-11-09
2023-11-10 00:00:00,4.069888340959614e-05,2023-11-10
2023-11-11 00:00:00,2.322058398537761e-05,2023-11-11
2023-11-12 00:00:00,5.838393853151999e-05,2023-11-12
2023-11-13 00:00:00,9.354729307766238e-05,2023-11-13
2023-11-14 00:00:00,0.0001148133197804,2023-11-14
2023-11-15 00:00:00,0.0001360793464831,2023-11-15
2023-11-16 00:00:00,0.0001573453731859,2023-11-16
2023-11-17 00:00:00,0.0001786113998887,2023-11-17
2023-11-18 00:00:00,0.000131222952937,2023-11-18
2023-11-19 00:00:00,-3.849534571405151e-05,2023-11-19
2023-11-20 00:00:00,-5.345155716670609e-05,2023-11-20
2023-11-21 00:00:00,-6.840776861936066e-05,2023-11-21
2023-11-22 00:00:00,-8.336398007201524e-05,2023-11-22
2023-11-23 00:00:00,4.779450700204489e-05,2023-11-23
2023-11-24 00:00:00,8.494583413102245e-05,2023-11-24
2023-11-25 00:00:00,0.00012209716126,2023-11-25
2023-11-26 00:00:00,0.0002212541655713,2023-11-26
2023-11-27 00:00:00,0.000182575167777,2023-11-27
2023-11-28 00:00:00,0.0001438961699828,2023-11-28
2023-11-29 00:00:00,0.0001052171721886,2023-11-29
2023-11-30 00:00:00,6.653817439440963e-05,2023-11-30
2023-12-01 00:00:00,2.7859176600187035e-05,2023-12-01
2023-12-02 00:00:00,3.798351156553312e-05,2023-12-02
2023-12-03 00:00:00,4.8107846530879214e-05,2023-12-03
2023-12-04 00:00:00,5.823218149622531e-05,2023-12-04
2023-12-05 00:00:00,6.835651646157139e-05,2023-12-05
2023-12-06 00:00:00,7.848085142691749e-05,2023-12-06
2023-12-07 00:00:00,9.436139803325876e-05,2023-12-07
2023-12-08 00:00:00,0.0001102419446396,2023-12-08
2023-12-09 00:00:00,0.0001586392531382,2023-12-09
2023-12-11 00:00:00,0.0001398780211761,2023-12-11
2023-12-12 00:00:00,0.0001558248800512,2023-12-12
2023-12-13 00:00:00,0.0001717717389264,2023-12-13
2023-12-14 00:00:00,0.0001877185978016,2023-12-14
2023-12-15 00:00:00,0.0001538123307029,2023-12-15
2023-12-16 00:00:00,0.0001199060636043,2023-12-16
2023-12-17 00:00:00,8.59997965057231e-05,2023-12-17
2023-12-18 00:00:00,5.209352940709748e-05,2023-12-18
2023-12-19 00:00:00,4.591755739023496e-06,2023-12-19
2023-12-20 00:00:00,-4.29100179290505e-05,2023-12-20
2023-12-21 00:00:00,-8.097847426161228e-06,2023-12-21
2023-12-22 00:00:00,7.03169863902694e-05,2023-12-22
2023-12-23 00:00:00,0.0001487318202067,2023-12-23
2023-12-24 00:00:00,9.006715958413531e-05,2023-12-24
2023-12-25 00:00:00,3.140249896157062e-05,2023-12-25
2023-12-26 00:00:00,3.140249896157062e-05,2023-12-26
2023-12-27 00:00:00,3.140249896157062e-05,2023-12-27
2023-12-28 00:00:00,3.140249896157062e-05,2023-12-28
2023-12-29 00:00:00,3.140249896157062e-05,2023-12-29
2023-12-30 00:00:00,3.140249896157062e-05,2023-12-30
2023-12-31 00:00:00,3.140249896157062e-05,2023-12-31
0,3.0462504439770303e-05,2024-01-02 00:00:00
1,2.9588466790112147e-05,2024-01-03 00:00:00
2,2.877932058773623e-05,2024-01-04 00:00:00
3,2.799230184405777e-05,2024-01-05 00:00:00
4,2.7226805446642244e-05,2024-01-06 00:00:00
5,2.6482242830868564e-05,2024-01-07 00:00:00
6,2.5758041527401397e-05,2024-01-08 00:00:00
7,2.5053644722038606e-05,2024-01-09 00:00:00
8,2.43685108275954e-05,2024-01-10 00:00:00
9,2.370211306749603e-05,2024-01-11 00:00:00
10,2.305393907075288e-05,2024-01-12 00:00:00
11,2.2423490478021494e-05,2024-01-13 00:00:00
12,2.181028255842875e-05,2024-01-14 00:00:00
13,2.121384383687945e-05,2024-01-15 00:00:00
14,2.0633715731554875e-05,2024-01-16 00:00:00
15,2.0069452201324533e-05,2024-01-17 00:00:00
16,1.9520619402800022e-05,2024-01-18 00:00:00
17,1.898679535676734e-05,2024-01-19 00:00:00
18,1.846756962374115e-05,2024-01-20 00:00:00
19,1.796254298839157e-05,2024-01-21 00:00:00
20,1.747132715260084e-05,2024-01-22 00:00:00
21,1.6993544436913844e-05,2024-01-23 00:00:00
22,1.652882749015301e-05,2024-01-24 00:00:00
23,1.607681900697424e-05,2024-01-25 00:00:00
24,1.5637171453146768e-05,2024-01-26 00:00:00
25,1.520954679834569e-05,2024-01-27 00:00:00
26,1.4793616256251738e-05,2024-01-28 00:00:00
27,1.4389060031758451e-05,2024-01-29 00:00:00
28,1.3995567075092402e-05,2024-01-30 00:00:00
29,1.3612834842657401e-05,2024-01-31 00:00:00
30,1.3240569064418843e-05,2024-02-01 00:00:00
31,1.2878483517649287e-05,2024-02-02 00:00:00
32,1.252629980686137e-05,2024-02-03 00:00:00
33,1.2183747149758798e-05,2024-02-04 00:00:00
34,1.1850562169040897e-05,2024-02-05 00:00:00
35,1.1526488689900586e-05,2024-02-06 00:00:00
36,1.1211277543060128e-05,2024-02-07 00:00:00
37,1.090468637319319e-05,2024-02-08 00:00:00
38,1.0606479452585924e-05,2024-02-09 00:00:00
39,1.03164274998938e-05,2024-02-10 00:00:00
40,1.0034307503854832e-05,2024-02-11 00:00:00
41,9.759902551823671e-06,2024-02-12 00:00:00
42,9.493001662994709e-06,2024-02-13 00:00:00
43,9.233399626185984e-06,2024-02-14 00:00:00
44,8.980896842059151e-06,2024-02-15 00:00:00
45,8.735299169654223e-06,2024-02-16 00:00:00
46,8.49641777712106e-06,2024-02-17 00:00:00
47,8.264068996532868e-06,2024-02-18 00:00:00
48,8.038074182670064e-06,2024-02-19 00:00:00
49,7.81825957566593e-06,2024-02-20 00:00:00
50,7.604456167408449e-06,2024-02-21 00:00:00
51,7.39649957159562e-06,2024-02-22 00:00:00
52,7.194229897344309e-06,2024-02-23 00:00:00
53,6.997491626255495e-06,2024-02-24 00:00:00
54,6.806133492841362e-06,2024-02-25 00:00:00
55,6.620008368222316e-06,2024-02-26 00:00:00
56,6.438973147004502e-06,2024-02-27 00:00:00
57,6.262888637250846e-06,2024-02-28 00:00:00
58,6.091619453461023e-06,2024-02-29 00:00:00
59,5.92503391247806e-06,2024-03-01 00:00:00
