HCHO Value,Date
9.220391253917748e-05,2019-01-02
0.00014153605546223875,2019-01-03
0.0001908681983853,2019-01-04
0.0001219517840206,2019-01-05
-6.514086129388805e-05,2019-01-06
0.0001632382063926,2019-01-07
-6.735205533914268e-05,2019-01-08
0.0001279693658243,2019-01-09
4.546048424126012e-05,2019-01-10
3.600074175192105e-05,2019-01-11
0.000128662969801,2019-01-12
0.00011789663435638511,2019-01-13
0.0001071302989117702,2019-01-14
9.63639634671553e-05,2019-01-15
0.00010823054565777765,2019-01-16
0.0001200971278484,2019-01-17
0.0002825263761529,2019-01-19
7.150631692646835e-05,2019-01-20
0.0002833741508232,2019-01-21
0.0002659407549829,2019-01-22
5.8649506506635245e-05,2019-01-23
-3.940558338151006e-06,2019-01-24
0.0001092931769982,2019-01-25
7.03689579655349e-05,2019-01-26
0.0001647056354631,2019-01-27
0.0001130180465294,2019-01-28
0.0001141272676955,2019-01-29
-3.000156427858255e-05,2019-01-30
1.5133123262338617e-05,2019-01-31
9.510527997488848e-05,2019-02-01
3.0694719505487384e-05,2019-02-02
3.1824971193239286e-05,2019-02-03
3.295522288099118e-05,2019-02-04
3.408547456874308e-05,2019-02-05
3.521572625649498e-05,2019-02-06
0.000144733119523,2019-02-07
7.648542999350917e-05,2019-02-08
7.212305487944104e-05,2019-02-09
6.776067976537293e-05,2019-02-10
6.33983046513048e-05,2019-02-11
6.099527672631667e-05,2019-02-12
4.688580190346305e-05,2019-02-13
3.2776327080609436e-05,2019-02-14
1.8666852257755813e-05,2019-02-15
8.56204799559279e-05,2019-02-16
0.0001525741076541,2019-02-17
0.0001316059809503,2019-02-18
5.400887798459826e-05,2019-02-19
3.130874441109665e-05,2019-02-20
-1.98339014766147e-06,2019-02-21
0.0001148911736891,2019-02-22
0.0002118789208893,2019-02-23
3.663116612296087e-05,2019-02-24
4.493778690247384e-05,2019-02-25
5.867993672157907e-05,2019-02-26
7.24220865406843e-05,2019-02-27
8.616423635978954e-05,2019-02-28
9.990638617889477e-05,2019-03-01
0.000113648535998,2019-03-02
0.0001120620195392,2019-03-03
0.0002530551243115,2019-03-04
0.0002326652722074,2019-03-05
0.0001284045619553,2019-03-06
0.0001646112972623,2019-03-07
0.000177511546709,2019-03-08
0.0001456575942748,2019-03-09
0.0001138036418406,2019-03-10
0.0001638923213232,2019-03-11
0.0001764080320851,2019-03-12
4.218809439496275e-05,2019-03-13
0.0001620084507506,2019-03-14
0.0001104143683767,2019-03-15
0.0001981838605184,2019-03-16
0.0001831507209264,2019-03-17
-4.018462979616311e-05,2019-03-18
0.0002067529282929,2019-03-19
0.0001473883183271,2019-03-20
0.00016321712201725,2019-03-21
0.0001790459257074,2019-03-22
0.00021311918480190002,2019-03-23
0.0002471924438964,2019-03-24
0.000219244095107,2019-03-25
9.90805371426681e-05,2019-03-26
0.0002333027310032,2019-03-27
0.0002802419303598,2019-03-28
0.0001790145679855,2019-03-30
0.0002927234455484,2019-03-31
0.0001707946467973,2019-04-02
0.0002427714893424,2019-04-03
0.0002338054752107,2019-04-04
0.0001627528749175,2019-04-05
0.0001725198818631,2019-04-06
0.000270485470537,2019-04-07
0.0002632230681999,2019-04-08
0.0002203272160841,2019-04-09
0.0002175333228409,2019-04-10
0.0002147394295977,2019-04-11
0.0002119455363545,2019-04-12
8.435604480337817e-05,2019-04-13
9.483271429882254e-05,2019-04-14
0.00010530938379426689,2019-04-15
0.00011578605328971126,2019-04-16
0.00012626272278515563,2019-04-17
0.0001367393922806,2019-04-18
0.0001502073732536,2019-04-19
0.0001330528287211,2019-04-21
0.0002652660056679,2019-04-22
0.0001897010952234,2019-04-23
0.000115200123351,2019-04-24
0.0001298704540847,2019-04-25
0.00014454078481840001,2019-04-26
0.0001592111155521,2019-04-27
0.0001738814462858,2019-04-28
0.00018058852020365,2019-04-29
0.0001872955941215,2019-04-30
0.00019400266803935,2019-05-01
0.0002007097419572,2019-05-02
0.00020741681587504998,2019-05-03
0.0002141238897929,2019-05-04
7.564946081848705e-05,2019-05-05
0.0001629478259072,2019-05-06
0.0001492011730946,2019-05-07
0.0001659245919994,2019-05-08
0.0001472336010995,2019-05-09
0.0002406209292845,2019-05-10
0.0001774082428821,2019-05-11
7.851454164433835e-05,2019-05-12
8.480921821304122e-05,2019-05-13
0.0002565932360046,2019-05-14
0.0001084387637971,2019-05-15
0.0002581514024065,2019-05-16
0.0001626728519143,2019-05-17
0.0001316183951811,2019-05-18
0.0001846422713296,2019-05-19
0.0001931410056934,2019-05-20
0.0001087283892095,2019-05-21
0.00021852688134635,2019-05-22
0.000101328985777,2019-05-24
-1.1236420671396437e-05,2019-05-25
0.0001002702697374,2019-05-26
0.0001920604607636,2019-05-27
0.0001766797704591,2019-05-28
0.0002707986967031,2019-05-29
0.0002678791857473,2019-05-30
0.0001484190889814,2019-05-31
2.7427695851211677e-05,2019-06-01
0.00013723955328,2019-06-02
0.00012376716110295001,2019-06-03
0.0001102947689259,2019-06-04
0.00011420047016924,2019-06-05
0.00011810617141258,2019-06-06
0.00012201187265592,2019-06-07
0.00012591757389926,2019-06-08
0.0001298232751426,2019-06-09
0.0001113994758074869,2019-06-10
9.29756764723738e-05,2019-06-11
0.0001078752599740369,2019-06-12
0.0001227748434757,2019-06-13
0.00011687688691945,2019-06-14
0.0001109789303632,2019-06-15
8.978404673863681e-05,2019-06-16
1.569671117488859e-07,2019-06-17
7.384788689971693e-05,2019-06-18
0.0001137372567619,2019-06-19
5.147969344238813e-05,2019-06-20
-1.0777869877123738e-05,2019-06-21
-7.303543319663562e-05,2019-06-22
-3.8813264605263855e-06,2019-06-23
5.827163647680005e-06,2019-06-24
1.5535653755886394e-05,2019-06-25
2.5244143864092782e-05,2019-06-26
7.838953585567481e-05,2019-06-27
6.984348224061407e-05,2019-06-28
8.639300023654194e-05,2019-06-29
5.7654145708751706e-05,2019-06-30
4.850917005854961e-05,2019-07-01
7.01563219877274e-05,2019-07-02
7.363816657454578e-05,2019-07-03
6.852184014062264e-05,2019-07-04
0.0001269866740033,2019-07-05
8.118862348047131e-05,2019-07-06
0.0001078062501781,2019-07-07
0.0001755990354735,2019-07-08
0.00016929024238335,2019-07-09
0.0001629814492932,2019-07-10
5.640249935191584e-05,2019-07-11
0.00017017375007,2019-07-12
0.0001224169308543,2019-07-13
8.956526624236958e-05,2019-07-14
6.74120334905162e-05,2019-07-15
4.525880073866283e-05,2019-07-16
4.563453997273746e-05,2019-07-17
4.601027920681209e-05,2019-07-18
4.638601844088672e-05,2019-07-19
4.676175767496135e-05,2019-07-20
4.713749690903598e-05,2019-07-21
4.751323614311061e-05,2019-07-22
4.788897537718524e-05,2019-07-23
2.916065279478861e-06,2019-07-24
4.7377219262552576e-05,2019-07-25
9.183837324562628e-05,2019-07-26
0.0001362995272287,2019-07-27
0.0001410117514989,2019-07-28
0.0001108681239436,2019-07-29
0.0001269736313424,2019-07-30
0.00010574118025280001,2019-07-31
8.450872916320002e-05,2019-08-01
8.556334796594454e-05,2019-08-02
0.0001629133931493,2019-08-03
-6.719856740310691e-05,2019-08-04
1.3728068918731565e-05,2019-08-05
2.5150572939138408e-05,2019-08-06
3.6573076959545253e-05,2019-08-07
4.799558097995209e-05,2019-08-08
5.941808500035894e-05,2019-08-09
7.084058902076579e-05,2019-08-10
8.226309304117262e-05,2019-08-11
9.368559706157947e-05,2019-08-12
0.00010510810108198631,2019-08-13
0.00011653060510239316,2019-08-14
0.0001279531091228,2019-08-15
-6.448416107050395e-05,2019-08-17
5.178013626492114e-06,2019-08-18
7.336094013777636e-05,2019-08-19
9.676125853351091e-05,2019-08-20
4.8209370666328216e-05,2019-08-21
-3.42517200854482e-07,2019-08-22
-4.889440506803719e-05,2019-08-23
-9.744629293521988e-05,2019-08-24
-5.6294034511435905e-05,2019-08-25
-1.514177608765193e-05,2019-08-26
2.6010482336132044e-05,2019-08-27
6.716274075991602e-05,2019-08-28
0.0001083149991837,2019-08-29
4.052738180008696e-05,2019-08-30
-2.726023558352608e-05,2019-08-31
3.8141817143986956e-05,2019-09-01
0.0001035438698715,2019-09-02
0.00012519500573,2019-09-03
0.00012632531982140002,2019-09-04
0.0001274556339128,2019-09-05
0.0001285859480042,2019-09-06
0.0001297162620956,2019-09-07
0.000130846576187,2019-09-08
6.440015739232515e-05,2019-09-09
-4.490703909183281e-06,2019-09-10
1.6999609834431408e-05,2019-09-11
3.84899235780461e-05,2019-09-12
5.465373724518264e-05,2019-09-13
2.7055169553569706e-05,2019-09-14
1.3027226024098325e-05,2019-09-15
-1.0007175053730552e-06,2019-09-16
-1.5028661034844432e-05,2019-09-17
-2.9056604564315816e-05,2019-09-18
-4.30845480937872e-05,2019-09-19
-5.7112491623258573e-05,2019-09-20
-7.114043515272996e-05,2019-09-21
-6.091322098824968e-06,2019-09-22
5.895779095508002e-05,2019-09-23
0.000124006904008985,2019-09-24
0.00018905601706289,2019-09-25
0.00025410513011679496,2019-09-26
0.00024251536573574999,2019-09-28
0.0001658764883008,2019-09-29
5.943847993938981e-05,2019-09-30
-4.6999528422020376e-05,2019-10-01
-1.4826539764421446e-05,2019-10-02
7.27780738171674e-05,2019-10-03
0.0001353517792948,2019-10-04
0.000211714078209,2019-10-05
0.00022762099498743334,2019-10-06
0.0002435279117658667,2019-10-07
0.0002594348285443,2019-10-08
5.5017379612996025e-05,2019-10-09
0.000184300610996,2019-10-10
8.808815472023734e-05,2019-10-11
-8.12430155552532e-06,2019-10-12
0.0001683501734359,2019-10-13
6.314259477157411e-05,2019-10-14
7.16713507747282e-05,2019-10-15
2.961095380014164e-05,2019-10-16
-1.2449443174444925e-05,2019-10-17
-5.450984014903148e-05,2019-10-18
6.532771676132629e-06,2019-10-19
2.680860701429386e-05,2019-10-20
4.708444235245509e-05,2019-10-21
6.736027769061632e-05,2019-10-22
8.763611302877755e-05,2019-10-23
0.00010791194836693879,2019-10-24
0.0001281877837051,2019-10-25
0.00013243780773282502,2019-10-26
0.00013668783176055,2019-10-27
0.00014093785578827498,2019-10-28
0.000145187879816,2019-10-29
0.00015177806293184998,2019-10-30
0.0001583682460477,2019-10-31
8.03607778339573e-06,2019-11-01
0.0001206702023413,2019-11-02
5.4584855024741985e-05,2019-11-03
-1.1500492291816045e-05,2019-11-04
0.0001060345932494,2019-11-05
0.0001942600579433,2019-11-06
0.0001218222388384,2019-11-07
0.0001080851276708,2019-11-08
0.00010625924003055,2019-11-09
0.0001044333523903,2019-11-10
0.00010260746475005,2019-11-11
0.0001007815771098,2019-11-12
0.000151877029566,2019-11-13
7.99506458137099e-05,2019-11-14
-6.176820124360381e-06,2019-11-15
0.0001047660159033198,2019-11-16
0.000215708851931,2019-11-17
0.00023329019399540002,2019-11-18
0.0002508715360598,2019-11-19
7.941161537465213e-05,2019-11-20
0.0001318497328563,2019-11-21
8.006006161143334e-05,2019-11-22
2.8270390366566666e-05,2019-11-23
-2.3519280878300005e-05,2019-11-24
-7.530895212316666e-05,2019-11-25
-9.482559592766667e-05,2019-11-28
-1.0762897242433335e-05,2019-11-29
7.329980144279999e-05,2019-11-30
0.00015736250012803334,2019-12-01
0.00024142519881326669,2019-12-02
0.00025490230166203335,2019-12-04
0.00018431670582556666,2019-12-05
0.0001137311099891,2019-12-06
8.185173804901703e-05,2019-12-07
4.997236610893405e-05,2019-12-08
0.00015405771300911706,2019-12-09
0.0002581430599093,2019-12-10
8.172313194602926e-06,2019-12-11
0.0001237011535845,2019-12-12
0.000107973238261,2019-12-13
9.175125425502092e-05,2019-12-14
0.0001806210249414,2019-12-15
0.00026764038144025783,2019-12-17
0.0002040634853183157,2019-12-18
0.00014048658919637354,2019-12-19
7.69096930744314e-05,2019-12-20
1.3332796952489262e-05,2019-12-21
5.60246481754472e-05,2019-12-22
9.871649939840514e-05,2019-12-23
3.053566210736505e-05,2019-12-24
2.9884302588779927e-05,2019-12-25
2.923294307019481e-05,2019-12-26
4.874119039013025e-05,2019-12-27
0.0002435742998434,2019-12-28
0.0001683466884456,2019-12-29
0.0001406881091402,2019-12-30
-1.0951929722871224e-05,2019-12-31
7.155854597694045e-05,2020-01-01
3.4902131511479535e-05,2020-01-02
0.0001230119750996,2020-01-03
0.0001648876523788,2020-01-04
0.0001538563380404,2020-01-05
0.0001389952001376,2020-01-06
2.208422988999331e-05,2020-01-07
5.9849775620916735e-06,2020-01-08
0.0001593083649141,2020-01-09
6.494334061404368e-05,2020-01-10
-0.0001014234631775,2020-01-11
8.98590430574081e-05,2020-01-12
0.000255274243036,2020-01-13
7.213411316676246e-05,2020-01-14
6.347479632876642e-06,2020-01-15
-2.5136813295502327e-06,2020-01-16
8.657344658866957e-07,2020-01-17
4.245150261323624e-06,2020-01-18
6.611775819286781e-05,2020-01-19
8.156279331884199e-05,2020-01-20
0.00010824260068,2020-01-21
6.202056080693438e-05,2020-01-22
1.579852093386877e-05,2020-01-23
2.5639344712949608e-05,2020-01-24
0.0001282278656513,2020-01-25
8.292953115424783e-05,2020-01-26
-1.2934752344508092e-05,2020-01-27
0.000226189160589,2020-01-28
0.0001500660399675,2020-01-29
0.0001993341817876,2020-01-30
0.0002360347703028,2020-01-31
4.147988255400665e-05,2020-02-01
0.0001101811390116,2020-02-02
8.359787684691174e-05,2020-02-03
3.033703627091292e-05,2020-02-05
0.0001885921593239,2020-02-07
0.000206615412484,2020-02-08
0.0002099230082314,2020-02-09
0.0001012152970348,2020-02-10
0.0001661103129684,2020-02-11
0.00012298469510017927,2020-02-12
7.985907723195851e-05,2020-02-13
2.80674982805179e-05,2020-02-14
2.8557976474641303e-05,2020-02-15
5.939227088696713e-05,2020-02-16
-2.991632775418153e-05,2020-02-17
8.477630699895465e-05,2020-02-18
8.624971456350402e-05,2020-02-19
0.0001091362161538,2020-02-20
9.951467357187598e-05,2020-02-21
9.275851615561305e-05,2020-02-22
8.600235873935012e-05,2020-02-23
7.92462013230872e-05,2020-02-24
2.852183108554632e-05,2020-02-25
3.690094368802118e-05,2020-02-26
8.417925604034724e-05,2020-02-27
0.0001106094642567,2020-02-28
0.000127749831884,2020-02-29
2.282981443920495e-05,2020-03-01
0.0002515676940223,2020-03-02
0.0002509742155915,2020-03-03
0.0001648506277572,2020-03-04
0.0002437990954255,2020-03-07
0.000121599683705,2020-03-08
9.108401704156445e-05,2020-03-09
0.0001796623974317,2020-03-10
0.0001286283394897,2020-03-11
0.0001727288425821,2020-03-12
0.0002123434847794,2020-03-13
8.707282150456954e-05,2020-03-15
7.012736708837104e-05,2020-03-16
8.756120459234736e-05,2020-03-17
0.00010499504209632367,2020-03-18
0.0001224288796003,2020-03-19
7.542810292997175e-05,2020-03-20
0.0002530440598434,2020-03-21
0.0001270776035311,2020-03-22
0.000183833879955,2020-03-23
7.428871762571976e-05,2020-03-24
0.0001623573528554,2020-03-25
0.000127765218398,2020-03-27
0.0001197896427536,2020-03-28
0.0002912754796542,2020-03-29
5.84370020313593e-05,2020-03-30
0.0001321798643605,2020-03-31
0.0002143646010247,2020-04-01
0.000204200793442,2020-04-02
0.0002238080474567,2020-04-03
0.0002362266484168,2020-04-04
0.0001707266449636,2020-04-05
0.0002627602403354,2020-04-06
0.0001451442359196,2020-04-07
0.00029109753238890004,2020-04-09
0.0002589800087883,2020-04-10
0.0001375786567285,2020-04-11
6.81672975406137e-05,2020-04-12
6.484950670100219e-05,2020-04-13
8.754926922942671e-05,2020-04-14
0.0001330184937399,2020-04-15
0.00013331953652453334,2020-04-16
0.00013362057930916668,2020-04-17
0.0001339216220938,2020-04-18
-4.14074375485672e-05,2020-04-19
6.943667528661855e-05,2020-04-20
7.61536238488355e-05,2020-04-21
0.00015122788506681778,2020-04-22
0.0002263021462848,2020-04-23
-4.533776899965042e-05,2020-04-24
0.0001478372587909,2020-04-25
0.0002070498634637,2020-04-26
0.0002005466185816,2020-04-27
0.0002640234710242,2020-04-28
0.0001862955172209,2020-04-29
0.0001640774270463,2020-05-01
0.0002219898440888,2020-05-02
0.0001382809274544,2020-05-03
5.0318049528272354e-05,2020-05-04
5.59144117285931e-05,2020-05-05
6.151077392891385e-05,2020-05-06
6.71071361292346e-05,2020-05-07
0.0001932939095424,2020-05-08
0.00018216561352787502,2020-05-09
0.00017103731751335,2020-05-10
0.00015990902149882498,2020-05-11
0.0001487807254843,2020-05-12
0.00014334975648309998,2020-05-13
0.0001379187874819,2020-05-14
0.0001943677305868,2020-05-15
0.00017193612312770557,2020-05-16
0.00014950451566861115,2020-05-17
0.00012707290820951673,2020-05-18
0.0001046413007504223,2020-05-19
8.220969329132788e-05,2020-05-20
5.9778085832233474e-05,2020-05-21
1.2663543879753013e-05,2020-05-22
-3.4450998072727456e-05,2020-05-23
9.378034273934048e-05,2020-05-24
0.00011555213377797024,2020-05-25
0.0001373239248166,2020-05-26
7.19252801574543e-05,2020-05-27
0.0001251784658765,2020-05-28
-1.8530763534646398e-05,2020-05-29
2.452850172028484e-05,2020-05-30
-9.587444172728222e-06,2020-05-31
0.0001985903069888,2020-06-01
9.919274367323932e-05,2020-06-02
4.0568798727827823e-05,2020-06-03
5.875759578402897e-05,2020-06-04
7.413875793667798e-05,2020-06-05
6.942241752982894e-05,2020-06-06
6.470607712297989e-05,2020-06-07
5.998973671613086e-05,2020-06-08
5.5273396309281816e-05,2020-06-09
8.956201121076136e-05,2020-06-10
0.00012385062611224089,2020-06-11
0.00015813924101372044,2020-06-12
0.0001924278559152,2020-06-13
2.288989126863385e-05,2020-06-14
0.0001378964831516,2020-06-15
0.0001798368255782,2020-06-16
0.0001366572078066852,2020-06-17
9.347759003517042e-05,2020-06-18
-3.3352800628007625e-05,2020-06-19
6.290926119445101e-05,2020-06-20
5.241672265277628e-05,2020-06-21
4.1924184111101534e-05,2020-06-22
5.816113066288259e-05,2020-06-23
7.439807721466363e-05,2020-06-24
5.537110341064113e-05,2020-06-25
3.634412960661862e-05,2020-06-26
0.0001035208070358,2020-06-27
8.92997812399107e-05,2020-06-28
7.50787554440214e-05,2020-06-29
9.300456479088662e-05,2020-06-30
9.451701785539302e-05,2020-07-01
9.60294709198994e-05,2020-07-02
8.99739102694659e-05,2020-07-03
8.391834961903239e-05,2020-07-04
7.786278896859889e-05,2020-07-05
9.247921794465604e-05,2020-07-06
0.0001380256436044,2020-07-07
0.0001475313623714,2020-07-08
0.00015039126955516667,2020-07-09
0.00015325117673893333,2020-07-10
0.0001561110839227,2020-07-11
9.297545808427271e-05,2020-07-12
0.00018153703271,2020-07-13
5.6862822195512606e-05,2020-07-14
5.4537853789482415e-05,2020-07-15
5.221288538345222e-05,2020-07-16
4.9887916977422025e-05,2020-07-17
4.756294857139183e-05,2020-07-18
4.5237980165361636e-05,2020-07-19
4.291301175933144e-05,2020-07-20
4.0588043353301246e-05,2020-07-21
-2.874425106294021e-05,2020-07-22
0.0001036504798335,2020-07-23
0.0001004042849957,2020-07-24
7.774509261844148e-05,2020-07-25
5.508590024118296e-05,2020-07-26
3.242670786392445e-05,2020-07-27
9.76751548666593e-06,2020-07-28
-1.289167689059259e-05,2020-07-29
-3.55508692678511e-05,2020-07-30
-5.821006164510963e-05,2020-07-31
-4.703750850506438e-05,2020-08-01
-3.586495536501913e-05,2020-08-02
-2.4692402224973882e-05,2020-08-03
-1.3519849084928632e-05,2020-08-04
-2.3472959448833826e-06,2020-08-05
8.825257195161867e-06,2020-08-06
1.9997810335207117e-05,2020-08-07
3.1170363475252366e-05,2020-08-08
4.2342916615297616e-05,2020-08-09
5.3515469755342865e-05,2020-08-10
6.46880228953881e-05,2020-08-11
7.586057603543336e-05,2020-08-12
-2.898902822251044e-05,2020-08-13
0.0001271915657533,2020-08-14
9.69413388495483e-05,2020-08-15
6.669111194579662e-05,2020-08-16
3.644088504204493e-05,2020-08-17
5.4838374249355775e-05,2020-08-18
0.0001300370956015,2020-08-19
0.0001331987709522,2020-08-20
9.655315629476696e-05,2020-08-21
0.0001228781537305,2020-08-22
8.472898340419462e-05,2020-08-23
7.197216665810354e-05,2020-08-24
0.0001511948434713,2020-08-25
0.0001039376144436,2020-08-26
0.0002069068000109,2020-08-27
9.410559345347804e-05,2020-08-28
0.0001083401827632,2020-08-29
6.309949016309448e-05,2020-08-30
1.7858797562988964e-05,2020-08-31
5.243460598016673e-05,2020-09-01
8.701041439734449e-05,2020-09-02
0.00012158622281452226,2020-09-03
0.0001561620312317,2020-09-04
0.0002112945863213,2020-09-05
0.00019150421839204945,2020-09-06
0.00017171385046279894,2020-09-07
0.0001519234825335484,2020-09-08
0.00013213311460429788,2020-09-09
0.00011234274667504734,2020-09-10
9.25523787457968e-05,2020-09-11
7.276201081654629e-05,2020-09-12
5.2971642887295745e-05,2020-09-13
3.31812749580452e-05,2020-09-14
1.3390907028794688e-05,2020-09-15
-6.399460900455862e-06,2020-09-16
-2.845503331719622e-06,2020-09-17
7.084542370166179e-07,2020-09-18
4.262411805752858e-06,2020-09-19
7.816369374489097e-06,2020-09-20
1.1370326943225337e-05,2020-09-21
1.4924284511961577e-05,2020-09-22
1.8478242080697815e-05,2020-09-23
2.2032199649434058e-05,2020-09-24
2.55861572181703e-05,2020-09-25
2.9140114786906534e-05,2020-09-26
5.918115428814198e-05,2020-09-27
5.972056308127437e-05,2020-09-28
6.025997187440676e-05,2020-09-29
6.079938066753914e-05,2020-09-30
6.133878946067153e-05,2020-10-01
6.187819825380392e-05,2020-10-02
-1.108926979712003e-05,2020-10-03
-8.405673784804399e-05,2020-10-04
2.340741803698854e-05,2020-10-05
0.000153065467134,2020-10-06
0.00019629582189254998,2020-10-07
0.0002395261766511,2020-10-08
0.00020943770006315,2020-10-09
0.0001793492234752,2020-10-10
0.00014926074688724998,2020-10-11
0.0001191722702993,2020-10-12
0.00011588166752072177,2020-10-13
0.00011259106474214354,2020-10-14
0.0001093004619635653,2020-10-15
0.00010600985918498708,2020-10-16
0.00010271925640640886,2020-10-17
9.942865362783062e-05,2020-10-18
5.091611358656925e-05,2020-10-19
0.0001802236656436,2020-10-20
6.73459106390875e-05,2020-10-21
-4.553184436542499e-05,2020-10-22
0.0001413955854575,2020-10-23
0.0001333526998163,2020-10-24
0.0001253098141751,2020-10-25
0.0001054599889436,2020-10-26
0.0002906781728291,2020-10-27
0.0002301803110104,2020-10-28
1.5190680648411468e-05,2020-10-29
2.0346973745964616e-05,2020-10-30
0.0002669556633126,2020-10-31
0.0001144036309497,2020-11-01
0.0001940053583054,2020-11-03
0.00020460337212905,2020-11-04
0.0002152013859527,2020-11-05
7.865702273595624e-05,2020-11-06
1.4512602882058574e-05,2020-11-07
2.179773602110929e-05,2020-11-08
2.908286916016e-05,2020-11-09
3.6368002299210716e-05,2020-11-10
4.3653135438261426e-05,2020-11-11
5.0938268577312136e-05,2020-11-12
5.822340171636285e-05,2020-11-13
2.080764581499092e-06,2020-11-15
0.00010882463779769954,2020-11-16
0.0002155685110139,2020-11-17
0.0001192011250972,2020-11-18
0.0001545883075666,2020-11-20
0.0001399947984197572,2020-11-21
0.0001254012892729144,2020-11-22
0.00011080778012607158,2020-11-23
9.621427097922879e-05,2020-11-24
8.162076183238599e-05,2020-11-25
6.702725268554318e-05,2020-11-26
8.321889173172491e-05,2020-11-27
0.0002035630910477,2020-11-28
0.0001522428738161,2020-11-29
0.00013366254321961756,2020-11-30
0.00011508221262313516,2020-12-01
9.650188202665273e-05,2020-12-02
7.792155143017031e-05,2020-12-03
5.93412208336879e-05,2020-12-04
4.076089023720547e-05,2020-12-05
2.218055964072308e-05,2020-12-06
6.569795051088172e-05,2020-12-07
8.934982397034087e-05,2020-12-08
0.0001130016974298,2020-12-09
-8.215035264478285e-06,2020-12-10
0.0002214205376791,2020-12-11
0.00021079765261915,2020-12-13
0.0001000424202731,2020-12-14
5.524074311449292e-05,2020-12-15
0.000103864951423,2020-12-16
0.0001959544323017,2020-12-17
0.00010635666253530942,2020-12-18
1.6758892768918845e-05,2020-12-19
0.0001314927733734657,2020-12-20
0.0002462266539780126,2020-12-21
0.00022171601698453135,2020-12-28
6.056729718064181e-05,2020-12-29
0.0001332103260112,2020-12-30
0.00010389932101246143,2020-12-31
7.458831601372286e-05,2021-01-01
4.527731101498428e-05,2021-01-02
1.5966306016245712e-05,2021-01-03
-1.334469898249286e-05,2021-01-04
7.038270994410358e-05,2021-01-05
0.0001541101188707,2021-01-06
0.0001188333112233,2021-01-07
0.00012057233233768889,2021-01-08
0.00012231135345207777,2021-01-09
0.00012405037456646666,2021-01-10
0.00012578939568085555,2021-01-11
0.00012752841679524444,2021-01-12
0.00012926743790963333,2021-01-13
0.00013100645902402221,2021-01-14
0.0001327454801384111,2021-01-15
0.0001344845012528,2021-01-16
0.00010872677442448586,2021-01-17
8.296904759617173e-05,2021-01-18
5.721132076785759e-05,2021-01-19
3.145359393954347e-05,2021-01-20
9.294210274479908e-05,2021-01-21
0.0001226068846769,2021-01-22
-2.971229968281951e-05,2021-01-23
0.0001621292909546,2021-01-24
1.8813652422668293e-05,2021-01-25
0.0001542266001816,2021-01-26
3.818941598361816e-05,2021-01-27
0.0001373520073689,2021-01-28
8.733047169825128e-05,2021-01-29
3.730893602760257e-05,2021-01-30
4.774973615060208e-05,2021-01-31
5.404819185089761e-05,2021-02-01
6.034664755119315e-05,2021-02-02
6.664510325148868e-05,2021-02-03
7.294355895178421e-05,2021-02-04
4.393607376604848e-05,2021-02-05
-0.0001015330519101,2021-02-06
-6.405832008206432e-05,2021-02-07
-2.658358825402863e-05,2021-02-08
1.089114357400706e-05,2021-02-09
0.0002346570156503,2021-02-10
0.0001070160232335,2021-02-11
0.0001592890219855,2021-02-12
0.0001459396689875,2021-02-13
0.00011903006681965405,2021-02-14
9.212046465180808e-05,2021-02-15
0.0001348441946403,2021-02-16
0.0002191974876297,2021-02-17
0.0001073680324738,2021-02-18
9.53919363419844e-05,2021-02-19
-1.0934480164319894e-05,2021-02-20
8.793830534806351e-06,2021-02-21
2.9869225605117377e-05,2021-02-22
0.0001026537832257,2021-02-24
0.0001343764897961,2021-02-25
0.0002608599585662,2021-02-26
0.0001335405067221,2021-02-27
0.0002425724268545,2021-02-28
7.992640203330773e-05,2021-03-01
-3.599695240478734e-05,2021-03-02
8.649164993459126e-05,2021-03-03
0.0001206183237246,2021-03-04
4.1856763039402754e-05,2021-03-05
-3.690479764579448e-05,2021-03-06
-3.08162399144442e-05,2021-03-08
7.39241545383116e-05,2021-03-09
0.00011082975272017439,2021-03-10
0.0001477353509020372,2021-03-11
0.0001846409490839,2021-03-12
7.165580708523753e-05,2021-03-13
4.587080981322053e-05,2021-03-14
0.0001604234982395,2021-03-15
0.0001116512745612,2021-03-16
0.0002184373705858,2021-03-17
0.00016327029740521021,2021-03-18
0.0001081032242246204,2021-03-19
5.29361510440306e-05,2021-03-20
4.427567709493984e-05,2021-03-21
3.5615203145849084e-05,2021-03-22
-3.8821261724315655e-05,2021-03-23
-1.5798120640302242e-05,2021-03-24
7.22502044371117e-06,2021-03-25
3.0248161527724585e-05,2021-03-26
5.3271302611737994e-05,2021-03-27
7.62944436957514e-05,2021-03-28
9.931758477976484e-05,2021-03-29
0.0001433846403518,2021-03-30
0.0001824855073316,2021-03-31
0.0002043831653349,2021-04-01
0.0002720721832196,2021-04-02
0.0001434290454397,2021-04-03
0.000172544406197,2021-04-04
0.0002095718762295,2021-04-05
0.0002265470356061,2021-04-06
4.0168496306063e-05,2021-04-07
2.3951690059176277e-06,2021-04-08
5.5267327240313214e-05,2021-04-09
0.0001081394854747088,2021-04-10
0.0001610116437091044,2021-04-11
0.0002138838019435,2021-04-12
0.0001977096830665,2021-04-13
0.0001815355641895,2021-04-14
0.0001653614453125,2021-04-15
0.0001313988306929,2021-04-16
0.0001943704744376,2021-04-17
0.0001830978126191,2021-04-18
0.0001146385386911,2021-04-19
6.728160450488812e-05,2021-04-20
0.0001520854247125,2021-04-21
0.0002139655834071,2021-04-22
0.0001783019318343,2021-04-23
0.0001673759895346,2021-04-24
0.0001674517192408,2021-04-25
0.000167527448947,2021-04-26
0.0002240536613524,2021-04-27
0.0001761261917734,2021-04-28
0.00018168428005968,2021-04-29
0.00018724236834596,2021-04-30
0.00019280045663224002,2021-05-01
0.00019835854491852002,2021-05-02
0.0002039166332048,2021-05-03
0.0001290007396666,2021-05-04
8.71803085991962e-05,2021-05-05
4.535987753179239e-05,2021-05-06
8.260900233832944e-05,2021-05-07
8.403727561487577e-05,2021-05-08
8.54655488914221e-05,2021-05-09
8.689382216796843e-05,2021-05-10
8.832209544451476e-05,2021-05-11
9.902481420250984e-05,2021-05-12
0.00010972753296050493,2021-05-13
0.0001204302517185,2021-05-14
0.00010783236244647261,2021-05-15
9.52344731744452e-05,2021-05-16
8.26365839024178e-05,2021-05-17
0.0001262004287793,2021-05-18
0.0002514697431589,2021-05-19
0.0002338164457701591,2021-05-20
0.00021616314838141817,2021-05-21
0.00019850985099267727,2021-05-22
0.00018085655360393634,2021-05-23
0.0001632032562151954,2021-05-24
0.0001455499588264545,2021-05-25
0.00012789666143771358,2021-05-26
0.00011024336404897266,2021-05-27
9.259006666023172e-05,2021-05-28
1.473700766946709e-05,2021-05-29
-6.311605132129754e-05,2021-05-30
-1.762907155383166e-06,2021-05-31
3.041292691775289e-05,2021-06-01
1.919217621498204e-05,2021-06-02
3.2751459723009286e-05,2021-06-03
4.631074323103653e-05,2021-06-04
5.987002673906378e-05,2021-06-05
7.342931024709103e-05,2021-06-06
8.698859375511826e-05,2021-06-07
0.00010054787726314552,2021-06-08
0.00011410716077117275,2021-06-09
0.0001276664442792,2021-06-10
-1.1982545903516178e-05,2021-06-11
-4.821809128200573e-05,2021-06-12
0.0001605557546206,2021-06-13
-9.72345880110336e-05,2021-06-14
-5.254152661628475e-07,2021-06-15
2.3261638402328356e-05,2021-06-16
6.761848743041418e-05,2021-06-17
0.0001119753364585,2021-06-18
5.229169217762559e-05,2021-06-19
4.1685606433043056e-05,2021-06-20
0.0001828546512168,2021-06-21
0.00012710698856876462,2021-06-22
7.135932592072925e-05,2021-06-23
0.0001036070826979,2021-06-24
5.581569220675591e-05,2021-06-25
4.49348776528529e-05,2021-06-26
3.405406309894988e-05,2021-06-27
7.76649480737224e-05,2021-06-28
9.99164678587466e-05,2021-06-29
0.0001060394240841733,2021-06-30
0.0001121623803096,2021-07-01
5.141518075375e-05,2021-07-02
-9.332018802099998e-06,2021-07-03
-7.007921835795e-05,2021-07-04
-7.823375594718562e-05,2021-07-07
-2.868263118500468e-05,2021-07-08
2.086849357717626e-05,2021-07-09
7.041961833935719e-05,2021-07-10
0.00011997074310153814,2021-07-11
0.00016952186786371905,2021-07-12
0.0002190729926259,2021-07-13
0.00018711551799459772,2021-07-14
0.00015515804336329545,2021-07-15
0.00012320056873199318,2021-07-16
9.124309410069091e-05,2021-07-17
5.928561946938864e-05,2021-07-18
3.869682439109795e-05,2021-07-19
1.810802931280726e-05,2021-07-20
1.2388051492118495e-06,2021-07-21
-1.5630419014383562e-05,2021-07-22
-3.249964317797898e-05,2021-07-23
-4.936886734157438e-05,2021-07-24
-6.623809150516979e-05,2021-07-25
-8.31073156687652e-05,2021-07-26
-9.997653983236062e-05,2021-07-27
8.971734644669689e-06,2021-07-28
0.0001179200091217,2021-07-29
9.754254655108326e-05,2021-07-30
9.614297884721344e-05,2021-07-31
0.0001970370931996,2021-08-01
6.942045801500339e-06,2021-08-02
1.655777930353667e-05,2021-08-03
2.6173512805573004e-05,2021-08-04
3.578924630760934e-05,2021-08-05
4.540497980964567e-05,2021-08-06
5.5020713311682004e-05,2021-08-07
6.463644681371834e-05,2021-08-08
7.425218031575468e-05,2021-08-09
8.386791381779101e-05,2021-08-10
9.348364731982734e-05,2021-08-11
0.00010309938082186368,2021-08-12
0.0001127151143239,2021-08-13
0.00016633220985040002,2021-08-14
0.0002199493053769,2021-08-15
0.000204070098272175,2021-08-16
0.00018819089116745,2021-08-17
0.000172311684062725,2021-08-18
0.000156432476958,2021-08-19
2.81577953574829e-05,2021-08-20
-3.1855401210451254e-05,2021-08-21
3.527780054382437e-05,2021-08-22
0.0001024110022981,2021-08-23
0.0001218736027717,2021-08-24
6.436261118345511e-05,2021-08-25
6.491872226569126e-05,2021-08-26
6.54748333479274e-05,2021-08-27
6.603094443016354e-05,2021-08-28
6.658705551239968e-05,2021-08-29
6.714316659463582e-05,2021-08-30
6.769927767687196e-05,2021-08-31
6.82553887591081e-05,2021-09-01
6.881149984134425e-05,2021-09-02
6.936761092358039e-05,2021-09-03
6.992372200581653e-05,2021-09-04
7.047983308805267e-05,2021-09-05
7.103594417028881e-05,2021-09-06
7.159205525252496e-05,2021-09-07
9.048562254009844e-05,2021-09-08
0.0001090482831114,2021-09-09
7.098002232373875e-06,2021-09-10
2.4926778632399494e-05,2021-09-11
4.275555503242512e-05,2021-09-12
4.893388501282747e-05,2021-09-13
-2.315211989834928e-05,2021-09-14
7.601569915146565e-05,2021-09-15
3.5443075728309677e-05,2021-09-16
-5.129547694846301e-06,2021-09-17
-4.5702171118002286e-05,2021-09-18
8.084368164549142e-05,2021-09-19
7.086101852577356e-05,2021-09-20
6.087835540605571e-05,2021-09-21
5.0895692286337854e-05,2021-09-22
8.825533327482998e-05,2021-09-23
5.765859451744939e-05,2021-09-24
3.862666686041391e-05,2021-09-25
1.9594739203378422e-05,2021-09-26
5.628115463429397e-07,2021-09-27
1.637544921216125e-05,2021-09-28
3.218808687797956e-05,2021-09-29
2.0198951562200182e-05,2021-09-30
8.209816246420801e-06,2021-10-01
-3.7793190693585795e-06,2021-10-02
-1.5768454385137957e-05,2021-10-03
-2.7757589700917334e-05,2021-10-04
-3.974672501669672e-05,2021-10-05
-5.173586033247608e-05,2021-10-06
4.043535659191621e-05,2021-10-07
8.591428424336525e-05,2021-10-08
8.91121320306722e-05,2021-10-09
9.230997981797915e-05,2021-10-10
9.55078276052861e-05,2021-10-11
9.870567539259305e-05,2021-10-12
0.0001019035231799,2021-10-13
0.000123224161409,2021-10-14
7.03454945488052e-05,2021-10-15
4.2731684077311244e-05,2021-10-16
1.5117873605817275e-05,2021-10-17
-1.2495936865676697e-05,2021-10-18
9.904008688817004e-05,2021-10-19
0.0001236298179580467,2021-10-20
0.00014821954902792333,2021-10-21
0.0001728092800978,2021-10-22
0.000127418555420042,2021-10-23
8.202783074228405e-05,2021-10-24
0.00012587452878379203,2021-10-25
0.0001697212268253,2021-10-26
0.00017844390611278,2021-10-27
0.00018716658540026,2021-10-28
0.00019588926468774,2021-10-29
0.00020461194397521998,2021-10-30
0.0002133346232627,2021-10-31
0.0001649304549484,2021-11-01
0.0001165262866341,2021-11-02
0.00011707239259828889,2021-11-03
0.00011761849856247779,2021-11-04
0.00011816460452666667,2021-11-05
0.00011871071049085555,2021-11-06
0.00011925681645504445,2021-11-07
0.00011980292241923334,2021-11-08
0.00012034902838342222,2021-11-09
0.00012089513434761112,2021-11-10
0.0001214412403118,2021-11-11
0.00011161222143792475,2021-11-12
0.00010178320256404948,2021-11-13
9.19541836901742e-05,2021-11-14
8.212516481629895e-05,2021-11-15
7.229614594242369e-05,2021-11-16
6.246712706854842e-05,2021-11-17
5.263810819467316e-05,2021-11-18
4.2809089320797886e-05,2021-11-19
3.298007044692261e-05,2021-11-20
0.0001151159762672,2021-11-21
0.0002308870971422,2021-11-22
0.000218009623446125,2021-11-23
0.00020513214975005,2021-11-24
0.000192254676053975,2021-11-25
0.0001793772023579,2021-11-26
6.046175994727861e-05,2021-11-27
4.645580922618735e-05,2021-11-28
3.244985850509608e-05,2021-11-29
1.8443907784004813e-05,2021-11-30
4.437957062913551e-06,2021-12-01
4.800358551893512e-05,2021-12-02
0.000153336875422,2021-12-03
0.0001414972986159,2021-12-04
0.00014853353749996666,2021-12-05
0.00015556977638403333,2021-12-06
0.0001626060152681,2021-12-07
7.612153321777504e-05,2021-12-08
4.054230469422604e-05,2021-12-09
7.154467753442222e-05,2021-12-10
4.934669107873211e-05,2021-12-11
5.630749428469005e-05,2021-12-12
2.2036430346241753e-05,2021-12-13
-1.2234633592206546e-05,2021-12-14
6.815476336069673e-05,2021-12-15
0.0001485441603136,2021-12-16
3.504236507351786e-05,2021-12-17
-6.488176666242177e-05,2021-12-18
4.202163331904431e-05,2021-12-19
0.000195268265968,2021-12-20
-4.028889840974972e-05,2021-12-21
-2.8835155644793804e-05,2021-12-22
0.000159647670899,2021-12-23
0.0001121602084071,2021-12-24
9.792571224075384e-05,2021-12-25
3.10034295700588e-05,2021-12-26
9.135317457448303e-05,2021-12-27
0.0001703249644971,2021-12-28
4.462642397080864e-05,2021-12-29
3.1416505983867054e-05,2021-12-30
1.8206587996925474e-05,2021-12-31
4.9966700099838905e-06,2022-01-01
-1.0251480805115728e-06,2022-01-02
-7.046966171007036e-06,2022-01-03
-1.3068784261502502e-05,2022-01-04
-1.9090602351997964e-05,2022-01-05
-2.511242044249343e-05,2022-01-06
5.1984316101354585e-06,2022-01-07
4.4687159090592155e-05,2022-01-08
8.417588657104886e-05,2022-01-09
5.204782216574271e-05,2022-01-10
1.9919757760436562e-05,2022-01-11
-1.2208306644869587e-05,2022-01-12
0.0001002536436115,2022-01-13
0.0002656339315317,2022-01-14
0.000142657704721,2022-01-15
5.873748507544971e-05,2022-01-16
8.73123469209982e-05,2022-01-17
-8.121993178601313e-05,2022-01-18
8.812047958670396e-05,2022-01-19
0.0002752204088063,2022-01-20
-5.9145160006379786e-05,2022-01-21
0.0001013124199369,2022-01-22
0.0001298011680869,2022-01-24
0.0001910123589885,2022-01-25
0.0002044419890332,2022-01-26
0.0001786672312097,2022-01-27
1.7565147757184226e-05,2022-01-28
0.00010722723606364211,2022-01-29
0.0001968893243701,2022-01-30
-1.884458100773781e-05,2022-01-31
0.0002145448953306,2022-02-01
0.0001422652264061,2022-02-02
0.000107297556289,2022-02-03
0.0001853171897629,2022-02-04
0.0001812367170953,2022-02-06
0.00019046177827295,2022-02-07
0.0001996868394506,2022-02-08
0.0001195042474715,2022-02-09
0.00012642670218376666,2022-02-10
0.00013334915689603333,2022-02-11
0.0001402716116083,2022-02-12
0.00014719406632056667,2022-02-13
0.00015411652103283332,2022-02-14
0.0001610389757451,2022-02-15
9.24380731373748e-05,2022-02-16
9.926161818401754e-05,2022-02-17
7.641624307470651e-06,2022-02-18
6.705563073698532e-05,2022-02-19
0.0001264696371665,2022-02-20
0.0001450714465107,2022-02-21
0.0002316554418008,2022-02-22
1.9648288549225728e-05,2022-02-23
-5.498078483761552e-05,2022-02-24
6.607650560754945e-05,2022-02-25
-3.29369404906108e-05,2022-02-26
0.0001042020127392,2022-02-27
7.176631242896976e-05,2022-02-28
0.000249221844734,2022-03-01
0.00021181893040248675,2022-03-02
0.00017441601607097348,2022-03-03
0.00013701310173946024,2022-03-04
9.961018740794697e-05,2022-03-05
6.22072730764337e-05,2022-03-06
0.0001160437292175,2022-03-07
8.209178762127623e-05,2022-03-08
0.0001078555618999,2022-03-09
4.7371843179880217e-05,2022-03-10
0.0001249777412899,2022-03-11
7.558433284912385e-05,2022-03-12
2.6190924408347685e-05,2022-03-13
0.000173784056329,2022-03-14
0.0002516989931757,2022-03-15
0.00019522715071864434,2022-03-16
0.00013875530826158868,2022-03-17
8.228346580453299e-05,2022-03-18
0.0001192729158273,2022-03-19
6.50170912256107e-05,2022-03-20
0.0001138238440273,2022-03-21
0.0001394118962159,2022-03-22
0.00012727779538785,2022-03-23
0.0001151436945598,2022-03-24
0.0002069335624228,2022-03-25
0.00011884469591945934,2022-03-26
3.075582941611868e-05,2022-03-27
5.429734714904007e-05,2022-03-28
4.450475406333421e-05,2022-03-29
0.0001232975519986,2022-03-30
0.0001058570383615,2022-03-31
0.0001309678650068,2022-04-01
6.837315634981946e-05,2022-04-02
0.00010349599381825973,2022-04-03
0.0001386188312867,2022-04-04
0.0002472507686639,2022-04-05
0.00020563232659294477,2022-04-06
0.00016401388452198952,2022-04-07
0.0001223954424510343,2022-04-08
8.077700038007905e-05,2022-04-09
3.915855830912381e-05,2022-04-10
-2.459883761831389e-06,2022-04-11
5.841618837961241e-05,2022-04-12
0.00011929226052105621,2022-04-13
0.0001801683326625,2022-04-14
9.70340040849284e-05,2022-04-15
2.5521323015017635e-05,2022-04-16
5.176049630198242e-05,2022-04-17
7.79996695889472e-05,2022-04-18
2.937012156792997e-05,2022-04-19
0.0001836508744656,2022-04-20
0.0001550303494221,2022-04-21
0.000155098937636125,2022-04-22
0.00015516752585015,2022-04-23
0.000155236114064175,2022-04-24
0.0001553047022782,2022-04-25
0.0001604366123774,2022-04-26
0.000156515301147425,2022-04-27
0.00015259398991745,2022-04-28
0.000148672678687475,2022-04-29
0.0001447513674575,2022-04-30
0.0001062949377101,2022-05-01
0.000200548023508,2022-05-02
0.0001676187507809,2022-05-03
0.0001346894780538,2022-05-04
0.00017670359385935,2022-05-05
0.0002187177096649,2022-05-06
0.0001623393419179,2022-05-07
0.00013051966581311786,2022-05-08
9.869998970833568e-05,2022-05-09
6.688031360355352e-05,2022-05-10
3.506063749877136e-05,2022-05-11
3.240961393989184e-06,2022-05-12
-1.0855595525246963e-05,2022-05-13
-2.495215244448311e-05,2022-05-14
-3.9048709363719263e-05,2022-05-15
-5.314526628295541e-05,2022-05-16
-6.724182320219156e-05,2022-05-17
-8.13383801214277e-05,2022-05-18
-9.543493704066385e-05,2022-05-19
5.23300713755e-06,2022-05-21
0.000119997508235,2022-05-22
0.0001704588214359,2022-05-23
0.00013607732771665835,2022-05-24
0.00010169583399741672,2022-05-25
6.731434027817508e-05,2022-05-26
8.33281159090101e-05,2022-05-27
7.570388802460807e-05,2022-05-28
6.807966014020605e-05,2022-05-29
6.0455432255804016e-05,2022-05-30
5.2831204371401986e-05,2022-05-31
4.520697648699995e-05,2022-06-01
3.758274860259792e-05,2022-06-02
0.000131712337687,2022-06-03
0.00010846609732132431,2022-06-04
8.521985695564863e-05,2022-06-05
8.860645695124666e-05,2022-06-06
9.199305694684469e-05,2022-06-07
9.537965694244272e-05,2022-06-08
4.024606110900049e-05,2022-06-09
-1.4887534724441734e-05,2022-06-10
2.3067457236790762e-05,2022-06-11
6.102244919802326e-05,2022-06-12
9.897744115925576e-05,2022-06-13
0.0001011520868202,2022-06-14
0.00016726785692023336,2022-06-15
0.0002333836270202667,2022-06-16
0.0001203892482714,2022-06-18
0.0001648184344187,2022-06-19
0.000133098137183,2022-06-20
0.0001013778399473,2022-06-21
7.976598810301958e-05,2022-06-22
5.815413625873917e-05,2022-06-23
3.6542284414458744e-05,2022-06-24
1.4930432570178334e-05,2022-06-25
7.057031359484082e-05,2022-06-26
3.0247450545488213e-05,2022-06-27
0.0001242074475703,2022-06-28
5.741720247340424e-05,2022-06-29
4.770264303236417e-05,2022-06-30
3.7988083591324105e-05,2022-07-01
7.67166932771911e-05,2022-07-02
6.810608293543208e-05,2022-07-03
5.9495472593673056e-05,2022-07-04
5.0884862251914043e-05,2022-07-05
4.2274251910155024e-05,2022-07-06
3.3663641568396004e-05,2022-07-07
2.5053031226636987e-05,2022-07-08
3.024906795893596e-05,2022-07-09
3.5445104691234926e-05,2022-07-10
4.06411414235339e-05,2022-07-11
4.5837178155832875e-05,2022-07-12
5.103321488813184e-05,2022-07-13
5.622925162043081e-05,2022-07-14
6.142528835272978e-05,2022-07-15
6.662132508502876e-05,2022-07-16
7.181736181732773e-05,2022-07-17
7.70133985496267e-05,2022-07-18
8.220943528192567e-05,2022-07-19
8.740547201422464e-05,2022-07-20
0.00010647395319097971,2022-07-21
0.00012554243436773479,2022-07-22
0.00014461091554448987,2022-07-23
0.00016367939672124496,2022-07-24
0.000182747877898,2022-07-25
0.0002296677084993,2022-07-26
0.00018722517623250096,2022-07-27
0.00014478264396570193,2022-07-28
0.00010234011169890292,2022-07-29
5.989757943210389e-05,2022-07-30
5.25808307968791e-05,2022-07-31
5.4223689206425165e-05,2022-08-01
5.586654761597123e-05,2022-08-02
5.750940602551729e-05,2022-08-03
5.915226443506335e-05,2022-08-04
6.0795122844609413e-05,2022-08-05
6.243798125415547e-05,2022-08-06
6.408083966370153e-05,2022-08-07
6.57236980732476e-05,2022-08-08
6.736655648279366e-05,2022-08-09
6.900941489233973e-05,2022-08-10
0.000143050885929,2022-08-11
0.00010334465377061277,2022-08-12
6.363842161222554e-05,2022-08-13
0.0001222005438179,2022-08-14
-6.560548180620447e-06,2022-08-15
7.587587411568977e-05,2022-08-16
0.000158312296412,2022-08-17
8.000178487283043e-05,2022-08-18
6.476015299924437e-05,2022-08-19
0.0001351622236952,2022-08-20
0.0001275546579669,2022-08-21
0.00011814266855143324,2022-08-22
0.00010873067913596648,2022-08-23
9.931868972049972e-05,2022-08-24
8.990670030503296e-05,2022-08-25
8.04947108895662e-05,2022-08-26
7.108272147409945e-05,2022-08-27
6.167073205863269e-05,2022-08-28
5.225874264316593e-05,2022-08-29
4.284675322769917e-05,2022-08-30
3.343476381223241e-05,2022-08-31
2.4022774396765647e-05,2022-09-01
1.4610784981298888e-05,2022-09-02
3.690807505069385e-05,2022-09-03
5.920536512008881e-05,2022-09-04
6.514940610224674e-05,2022-09-05
7.109344708440467e-05,2022-09-06
7.70374880665626e-05,2022-09-07
8.298152904872053e-05,2022-09-08
8.892557003087846e-05,2022-09-09
9.48696110130364e-05,2022-09-10
5.647265140470304e-05,2022-09-11
0.0001120775767863,2022-09-12
0.000144099705383,2022-09-13
5.543215120198064e-05,2022-09-14
8.114659713212203e-05,2022-09-15
0.0001036825161307,2022-09-16
0.0001083194077841,2022-09-17
8.659447465188846e-05,2022-09-18
6.679673770855078e-05,2022-09-19
4.699900076521311e-05,2022-09-20
2.720126382187544e-05,2022-09-21
0.0001859294879801,2022-09-22
-4.21289315108277e-05,2022-09-23
4.458525811295027e-05,2022-09-24
8.619025447911603e-05,2022-09-25
3.167562422901484e-05,2022-09-26
0.0001794275025335,2022-09-27
5.399249131210032e-05,2022-09-28
7.620104117591694e-05,2022-09-29
9.840959103973355e-05,2022-09-30
0.00012061814090355016,2022-10-01
0.0001428266907673668,2022-10-02
0.0001650352406311834,2022-10-03
0.000187243790495,2022-10-04
0.00020638844907365001,2022-10-05
0.0002255331076523,2022-10-06
0.00024467776623095,2022-10-07
0.0002638224248096,2022-10-08
0.0002499566542308875,2022-10-09
0.00023609088365217503,2022-10-10
0.0002222251130734625,2022-10-11
0.00020835934249475,2022-10-12
0.00019449357191603751,2022-10-13
0.000180627801337325,2022-10-14
0.0001667620307586125,2022-10-15
0.0001528962601799,2022-10-16
0.00014224120385068637,2022-10-17
0.00013158614752147274,2022-10-18
0.00012093109119225909,2022-10-19
0.00011027603486304545,2022-10-20
9.962097853383182e-05,2022-10-21
8.896592220461818e-05,2022-10-22
7.831086587540454e-05,2022-10-23
6.765580954619091e-05,2022-10-24
7.887305406424318e-05,2022-10-25
9.009029858229546e-05,2022-10-26
0.00010130754310034773,2022-10-27
0.0001125247876184,2022-10-28
0.0001339018031976,2022-10-29
5.830865278547579e-05,2022-10-30
-1.7284497626648424e-05,2022-10-31
1.3308342826188684e-05,2022-11-01
4.390118327902579e-05,2022-11-02
7.449402373186289e-05,2022-11-03
0.0001050868641847,2022-11-04
6.124844075175842e-05,2022-11-05
1.7410017318816846e-05,2022-11-06
0.0001501666835968,2022-11-07
0.00013294278267731336,2022-11-08
0.00011571888175782675,2022-11-09
9.849498083834014e-05,2022-11-10
8.127107991885352e-05,2022-11-11
6.40471789993669e-05,2022-11-12
4.6823278079880285e-05,2022-11-13
2.9599377160393668e-05,2022-11-14
1.2375476240907051e-05,2022-11-15
-4.848424678579561e-06,2022-11-16
0.0002613757233865,2022-11-17
0.0001217589147657,2022-11-18
0.00017923372908545,2022-11-19
0.0002367085434052,2022-11-20
0.0001576058714412,2022-11-21
2.6063626077209652e-05,2022-11-22
5.024561867406121e-05,2022-11-23
0.0001550408164533,2022-11-24
0.0001443132069255,2022-11-25
0.0001694889590815,2022-11-26
5.863264128898527e-05,2022-11-27
8.851054144490312e-05,2022-11-28
0.0001473574386245,2022-11-29
0.0001480657307094,2022-11-30
0.0001796278417775,2022-12-01
0.0001847625662604,2022-12-02
0.00019397990528504443,2022-12-03
0.0002031972443096889,2022-12-04
0.00021241458333433333,2022-12-05
0.00022163192235897776,2022-12-06
0.0002308492613836222,2022-12-07
0.00024006660040826666,2022-12-08
0.0002492839394329111,2022-12-09
0.0002585012784575555,2022-12-10
0.0002677186174822,2022-12-11
0.00015816809349502773,2022-12-12
4.861756950785546e-05,2022-12-13
3.125614246177953e-05,2022-12-14
1.3894715415703593e-05,2022-12-15
1.8475166820518467e-05,2022-12-16
2.305561822533334e-05,2022-12-17
2.7636069630148216e-05,2022-12-18
3.221652103496309e-05,2022-12-19
3.6796972439777965e-05,2022-12-20
4.137742384459284e-05,2022-12-21
4.5957875249407714e-05,2022-12-22
5.053832665422259e-05,2022-12-23
5.511877805903746e-05,2022-12-24
5.969922946385234e-05,2022-12-25
6.42796808686672e-05,2022-12-26
6.886013227348209e-05,2022-12-27
-5.460778700422602e-05,2022-12-28
1.937003064765869e-05,2022-12-29
1.6676132059583622e-06,2022-12-30
0.0002186909621466,2022-12-31
-2.3580457516060107e-05,2023-01-01
-1.3953867076428576e-05,2023-01-02
0.0001127020312348,2023-01-03
-1.5685276795890167e-05,2023-01-04
1.914754484460128e-05,2023-01-05
4.190980689838454e-06,2023-01-06
2.068336527577021e-05,2023-01-07
3.717574986170196e-05,2023-01-08
5.366813444763372e-05,2023-01-09
5.8108065542270165e-05,2023-01-10
0.0002300350121565,2023-01-11
0.000284603617025,2023-01-13
-9.640269790807804e-05,2023-01-14
-5.255002083356373e-05,2023-01-15
-8.697343759049426e-06,2023-01-16
1.8850199197800308e-05,2023-01-17
4.639774215465004e-05,2023-01-18
-3.443487787333024e-05,2023-01-19
6.499407942693201e-05,2023-01-20
6.361756577761875e-05,2023-01-21
6.22410521283055e-05,2023-01-22
6.0864538478992236e-05,2023-01-23
5.948802482967898e-05,2023-01-24
5.811151118036572e-05,2023-01-25
6.412883992457047e-05,2023-01-26
7.014616866877522e-05,2023-01-27
7.616349741297997e-05,2023-01-28
0.0001527143170301,2023-01-29
0.00012256840479782705,2023-01-30
9.242249256555406e-05,2023-01-31
6.22765803332811e-05,2023-02-01
3.213066810100813e-05,2023-02-02
1.9847558687351565e-06,2023-02-03
-2.8161156363537803e-05,2023-02-04
-5.8307068595810777e-05,2023-02-05
-7.389022181507385e-05,2023-02-06
-8.947337503433692e-05,2023-02-07
2.664756099759161e-05,2023-02-09
0.0001030170062854958,2023-02-10
0.0001793864515734,2023-02-11
0.000117013872627,2023-02-12
0.0002762391496659,2023-02-13
0.0001849290175706,2023-02-14
0.0001309358093096,2023-02-15
2.408146276878079e-05,2023-02-16
0.0001211140847996,2023-02-17
1.9174747524865223e-05,2023-02-18
5.6339292469898916e-05,2023-02-19
9.35038374149326e-05,2023-02-20
0.0001306683823599663,2023-02-21
0.000167832927305,2023-02-22
5.443773193600662e-05,2023-02-23
0.0001420403466103,2023-02-24
-5.314761711384331e-05,2023-02-25
0.0002207427617611,2023-02-26
0.00023948142016675002,2023-02-27
0.0002582200785724,2023-02-28
0.00027695873697805,2023-03-01
0.0002956973953837,2023-03-02
0.0001115435924082,2023-03-07
7.349130037920148e-05,2023-03-08
0.0001537420173445,2023-03-09
0.00016856409351994998,2023-03-10
0.0001833861696954,2023-03-11
-9.298285259082749e-05,2023-03-12
0.0001275124704156,2023-03-13
0.0002073454087879,2023-03-14
0.00018754775867995,2023-03-15
0.000167750108572,2023-03-16
0.0001059133650579,2023-03-17
0.0001352572888487,2023-03-18
2.936310731179129e-05,2023-03-19
0.00012268876718589565,2023-03-20
0.00021601442706,2023-03-21
8.89326609226773e-05,2023-03-22
4.108159094785542e-05,2023-03-23
0.0001956476279903,2023-03-24
0.0002255959554896,2023-03-25
2.8084505366179952e-05,2023-03-26
0.0001299573745615,2023-03-27
0.0002629645982242,2023-03-28
0.0002349668570586,2023-03-29
8.395772642433473e-05,2023-03-30
8.745422622040163e-05,2023-03-31
7.111439817993237e-05,2023-04-01
4.908925450297062e-05,2023-04-02
2.7064110826008876e-05,2023-04-03
6.0078163691396466e-05,2023-04-04
9.309221655678406e-05,2023-04-05
4.8639712507728016e-05,2023-04-06
0.0001595895655811,2023-04-07
0.0001384539560404,2023-04-08
0.0001173183464997,2023-04-09
0.0001127534416494,2023-04-10
7.497777881981774e-05,2023-04-11
0.0001453619825016,2023-04-12
9.691922846671516e-05,2023-04-13
7.861034105770753e-05,2023-04-14
0.00010665502708667169,2023-04-15
0.00013469971311563586,2023-04-16
0.0001627443991446,2023-04-17
5.339099913274038e-05,2023-04-18
9.019576522685492e-05,2023-04-19
8.50146441603814e-05,2023-04-20
0.0001182560164700876,2023-04-21
0.0001514973887797938,2023-04-22
0.0001847387610895,2023-04-23
0.0001656326036031,2023-04-24
2.985543105452906e-05,2023-04-25
8.599430014376453e-05,2023-04-26
0.000142133169233,2023-04-27
4.3245247387967984e-05,2023-04-28
8.092805032572598e-05,2023-04-29
0.00011861085326348399,2023-04-30
0.00015629365620124197,2023-05-01
0.000193976459139,2023-05-02
0.0001447220946935,2023-05-03
0.0001248385389574,2023-05-04
0.000130652586723125,2023-05-05
0.00013646663448885,2023-05-06
0.000142280682254575,2023-05-07
0.0001480947300203,2023-05-08
0.00012389097444729248,2023-05-09
9.968721887428496e-05,2023-05-10
7.548346330127744e-05,2023-05-11
5.127970772826992e-05,2023-05-12
0.0001257572460024,2023-05-13
0.00014554277644675002,2023-05-14
0.0001653283068911,2023-05-15
9.439552938802424e-05,2023-05-16
0.0001275901903929,2023-05-17
0.00014870866983865,2023-05-18
0.0001698271492844,2023-05-19
0.0002253535932127,2023-05-20
0.000172287887781,2023-05-21
-2.4041522097085765e-06,2023-05-22
0.0001174329754136,2023-05-23
0.0001699899537801,2023-05-24
0.0001338950814177,2023-05-25
0.0002143848706052,2023-05-26
0.0001703963246503,2023-05-27
0.0001578164663756,2023-05-28
7.963483364998873e-05,2023-05-29
0.0001259788725499,2023-05-30
0.0001942800815461,2023-05-31
0.0001776192487093,2023-06-01
0.00016823964200974998,2023-06-02
0.0001588600353102,2023-06-03
7.175662777488772e-05,2023-06-04
0.0002213104246915,2023-06-05
0.0001457105048682,2023-06-06
9.67843453966301e-05,2023-06-07
4.785818592506021e-05,2023-06-08
-1.0679735465096912e-06,2023-06-09
7.816291169118864e-05,2023-06-10
6.823530542100824e-05,2023-06-11
5.8307699150827845e-05,2023-06-12
4.838009288064745e-05,2023-06-13
8.319602691057373e-05,2023-06-14
0.0001180119609405,2023-06-15
9.650112262605592e-05,2023-06-16
0.0001196064537832,2023-06-17
8.652331385627392e-05,2023-06-18
5.344017392934784e-05,2023-06-19
6.28888951472526e-05,2023-06-20
0.0001561747629557,2023-06-21
8.789236377264911e-05,2023-06-22
6.47269164265926e-05,2023-06-23
4.156146908053608e-05,2023-06-24
8.713317009176804e-05,2023-06-25
0.000132704871103,2023-06-26
0.00013070705841078,2023-06-27
0.00012870924571856,2023-06-28
0.00012671143302634,2023-06-29
0.00012471362033412,2023-06-30
0.0001227158076419,2023-07-01
0.0001225371437107143,2023-07-02
0.00012235847977952856,2023-07-03
0.00012217981584834286,2023-07-04
0.00012200115191715714,2023-07-05
0.00012182248798597143,2023-07-06
0.00012164382405478571,2023-07-07
0.0001214651601236,2023-07-08
0.0001808012373702,2023-07-09
7.87163985382871e-05,2023-07-10
-2.336844029362581e-05,2023-07-11
0.0001109419617406,2023-07-12
0.0001625487203896,2023-07-13
8.922457137460677e-05,2023-07-14
1.5900422359613528e-05,2023-07-15
1.9776488726093925e-05,2023-07-16
5.939434894998055e-05,2023-07-17
6.622050639243737e-05,2023-07-18
-6.674473096685837e-07,2023-07-19
3.353571818318948e-05,2023-07-20
2.490429343060798e-05,2023-07-21
3.460728289807366e-05,2023-07-22
0.000104020043783,2023-07-23
0.000110297509634725,2023-07-24
0.00011657497548644998,2023-07-25
0.000122852441338175,2023-07-26
0.0001291299071899,2023-07-27
0.0001566643822086,2023-07-28
0.0001271773691179,2023-07-29
0.0001077280997704,2023-07-30
0.0001089945337925,2023-07-31
9.774042294259097e-05,2023-08-01
0.0001266446231972,2023-08-02
6.160880426258438e-05,2023-08-03
9.27325145036787e-05,2023-08-04
0.0002494167243405,2023-08-05
0.0002097968322237,2023-08-06
0.0001359293581295,2023-08-07
0.0001413205586485,2023-08-08
8.695611628281867e-05,2023-08-09
0.0001053399530921,2023-08-10
0.0001489525011608,2023-08-11
0.0001421899097896,2023-08-12
0.0001354273184184,2023-08-13
-3.917916748756687e-06,2023-08-14
0.000124662871098,2023-08-15
6.861869279793564e-05,2023-08-16
6.188149979930174e-05,2023-08-17
0.0001089391073824,2023-08-18
0.0001583234850884,2023-08-19
0.0001237874748148,2023-08-20
0.0001532655008203,2023-08-21
0.0001078923138287,2023-08-22
7.359592501945677e-05,2023-08-23
0.0001424301983901,2023-08-24
7.167238676448055e-05,2023-08-25
8.40120183154954e-05,2023-08-26
0.0001116325642068,2023-08-27
5.83354944518255e-05,2023-08-28
5.6385672302909304e-05,2023-08-29
5.4435850153993105e-05,2023-08-30
5.248602800507691e-05,2023-08-31
5.053620585616071e-05,2023-09-01
4.858638370724451e-05,2023-09-02
4.663656155832832e-05,2023-09-03
4.468673940941212e-05,2023-09-04
4.2736917260495924e-05,2023-09-05
4.0787095111579726e-05,2023-09-06
3.883727296266353e-05,2023-09-07
3.6887450813747336e-05,2023-09-08
3.493762866483114e-05,2023-09-09
3.298780651591494e-05,2023-09-10
3.103798436699874e-05,2023-09-11
2.9088162218082544e-05,2023-09-12
2.7138340069166346e-05,2023-09-13
9.752817353123317e-05,2023-09-14
0.0001679180069933,2023-09-15
0.00016344893613182,2023-09-16
0.00015897986527034,2023-09-17
0.00015451079440886,2023-09-18
0.00015004172354738,2023-09-19
0.0001455726526859,2023-09-20
8.040403362342045e-05,2023-09-21
9.565022121821364e-05,2023-09-22
0.00011089640881300682,2023-09-23
0.0001261425964078,2023-09-24
0.0001323521363984857,2023-09-25
0.00013856167638917144,2023-09-26
0.00014477121637985715,2023-09-27
0.00015098075637054285,2023-09-28
0.00015719029636122856,2023-09-29
0.0001633998363519143,2023-09-30
0.0001696093763426,2023-10-01
0.00013887079146679274,2023-10-02
0.00010813220659098549,2023-10-03
7.739362171517824e-05,2023-10-04
4.6655036839370984e-05,2023-10-05
1.5916451963563724e-05,2023-10-06
-1.9106412261483608e-05,2023-10-07
3.629649353801093e-05,2023-10-08
9.169939933750546e-05,2023-10-09
0.000147102305137,2023-10-10
0.0001259941516763086,2023-10-11
0.00010488599821561719,2023-10-12
8.377784475492578e-05,2023-10-13
6.266969129423437e-05,2023-10-14
4.1561537833542965e-05,2023-10-15
2.0453384372851556e-05,2023-10-16
-4.3577865128738755e-05,2023-10-17
-1.878544824157998e-05,2023-10-24
7.485369005626001e-05,2023-10-25
0.0001684928283541,2023-10-26
0.0001437460594186,2023-10-27
2.5671845789271484e-05,2023-10-28
5.33158019969435e-05,2023-10-29
0.000103148814578929,2023-10-30
0.0001529818271609145,2023-10-31
0.0002028148397429,2023-11-01
0.00018746255754658,2023-11-02
0.00017211027535026,2023-11-03
0.00015675799315394,2023-11-04
0.00014140571095762,2023-11-05
0.0001260534287613,2023-11-06
0.0002446403496891,2023-11-07
0.0001248538653777,2023-11-08
6.61819927791548e-05,2023-11-09
7.510120180609618e-06,2023-11-10
3.845531321753457e-05,2023-11-11
6.890105825662765e-05,2023-11-12
9.934680329572073e-05,2023-11-13
0.00012979254833481383,2023-11-14
0.0001602382933739069,2023-11-15
0.000190684038413,2023-11-16
0.0001353124856268,2023-11-17
0.00017756022385556668,2023-11-18
0.00021980796208433335,2023-11-19
0.0002620557003131,2023-11-20
0.00022286996032176668,2023-11-21
0.00018368422033043335,2023-11-22
0.0001444984803391,2023-11-23
7.589145286119818e-05,2023-11-24
7.28442538329636e-06,2023-11-25
1.33680815678737e-05,2023-11-26
1.9451737752451036e-05,2023-11-27
2.5535393937028375e-05,2023-11-28
3.1619050121605715e-05,2023-11-29
3.7702706306183054e-05,2023-11-30
4.3786362490760394e-05,2023-12-01
4.9870018675337734e-05,2023-12-02
5.595367485991507e-05,2023-12-03
6.203733104449241e-05,2023-12-04
6.812098722906975e-05,2023-12-05
7.420464341364708e-05,2023-12-06
0.0001158107210391,2023-12-07
-9.03955878775148e-05,2023-12-08
2.6784329264956805e-05,2023-12-09
0.0001439642464074284,2023-12-10
0.0002611441635499,2023-12-11
0.00011570332068325481,2023-12-12
-2.9737522183390376e-05,2023-12-13
-3.115517077882001e-05,2023-12-14
-3.257281937424965e-05,2023-12-15
-3.399046796967929e-05,2023-12-16
-3.540811656510892e-05,2023-12-17
1.909829954943311e-06,2023-12-18
3.922777647499554e-05,2023-12-19
7.654572299504778e-05,2023-12-20
0.0001138636695151,2023-12-21
-6.898291892324406e-06,2023-12-22
0.0001163114086344,2023-12-23
0.0001076813791971961,2023-12-24
9.90513497599922e-05,2023-12-25
9.042132032278832e-05,2023-12-26
8.179129088558442e-05,2023-12-27
7.316126144838052e-05,2023-12-28
6.453123201117662e-05,2023-12-29
5.590120257397272e-05,2023-12-30
5.590120257397272e-05,2023-12-31
