,HCHO Value,Location,Date,Next Date
0,9.220391253917748e-05,Kandy Proper,2019-01-02,2019-01-03
1,,Kandy Proper,2019-01-03,2019-01-04
2,0.0001908681983853,Kandy Proper,2019-01-04,2019-01-05
3,0.0001219517840206,Kandy Proper,2019-01-05,2019-01-06
4,-6.514086129388805e-05,Kandy Proper,2019-01-06,2019-01-07
5,0.0001632382063926,Kandy Proper,2019-01-07,2019-01-08
6,-6.735205533914268e-05,Kandy Proper,2019-01-08,2019-01-09
7,0.0001279693658243,Kandy Proper,2019-01-09,2019-01-10
8,4.546048424126012e-05,Kandy Proper,2019-01-10,2019-01-11
9,3.600074175192105e-05,Kandy Proper,2019-01-11,2019-01-12
10,0.000128662969801,Kandy Proper,2019-01-12,2019-01-13
11,,Kandy Proper,2019-01-13,2019-01-14
12,,Kandy Proper,2019-01-14,2019-01-15
13,9.63639634671553e-05,Kandy Proper,2019-01-15,2019-01-16
14,,Kandy Proper,2019-01-16,2019-01-17
15,0.0001200971278484,Kandy Proper,2019-01-17,2019-01-18
16,-0.0001197246567136,Kandy Proper,2019-01-18,2019-01-19
17,0.0002825263761529,Kandy Proper,2019-01-19,2019-01-20
18,7.150631692646835e-05,Kandy Proper,2019-01-20,2019-01-21
19,0.0002833741508232,Kandy Proper,2019-01-21,2019-01-22
20,0.0002659407549829,Kandy Proper,2019-01-22,2019-01-23
21,5.8649506506635245e-05,Kandy Proper,2019-01-23,2019-01-24
22,-3.940558338151006e-06,Kandy Proper,2019-01-24,2019-01-25
23,0.0001092931769982,Kandy Proper,2019-01-25,2019-01-26
24,7.03689579655349e-05,Kandy Proper,2019-01-26,2019-01-27
25,0.0001647056354631,Kandy Proper,2019-01-27,2019-01-28
26,0.0001130180465294,Kandy Proper,2019-01-28,2019-01-29
27,0.0001141272676955,Kandy Proper,2019-01-29,2019-01-30
28,-3.000156427858255e-05,Kandy Proper,2019-01-30,2019-01-31
29,1.5133123262338617e-05,Kandy Proper,2019-01-31,2019-02-01
30,9.510527997488848e-05,Kandy Proper,2019-02-01,2019-02-02
31,3.0694719505487384e-05,Kandy Proper,2019-02-02,2019-02-03
32,,Kandy Proper,2019-02-03,2019-02-04
33,,Kandy Proper,2019-02-04,2019-02-05
34,,Kandy Proper,2019-02-05,2019-02-06
35,3.521572625649498e-05,Kandy Proper,2019-02-06,2019-02-07
36,0.000144733119523,Kandy Proper,2019-02-07,2019-02-08
37,7.648542999350917e-05,Kandy Proper,2019-02-08,2019-02-09
38,,Kandy Proper,2019-02-09,2019-02-10
39,,Kandy Proper,2019-02-10,2019-02-11
40,6.33983046513048e-05,Kandy Proper,2019-02-11,2019-02-12
41,6.099527672631667e-05,Kandy Proper,2019-02-12,2019-02-13
42,,Kandy Proper,2019-02-13,2019-02-14
43,,Kandy Proper,2019-02-14,2019-02-15
44,1.8666852257755813e-05,Kandy Proper,2019-02-15,2019-02-16
45,,Kandy Proper,2019-02-16,2019-02-17
46,0.0001525741076541,Kandy Proper,2019-02-17,2019-02-18
47,0.0001316059809503,Kandy Proper,2019-02-18,2019-02-19
48,5.400887798459826e-05,Kandy Proper,2019-02-19,2019-02-20
49,3.130874441109665e-05,Kandy Proper,2019-02-20,2019-02-21
50,-1.98339014766147e-06,Kandy Proper,2019-02-21,2019-02-22
51,0.0001148911736891,Kandy Proper,2019-02-22,2019-02-23
52,0.0002118789208893,Kandy Proper,2019-02-23,2019-02-24
53,3.663116612296087e-05,Kandy Proper,2019-02-24,2019-02-25
54,4.493778690247384e-05,Kandy Proper,2019-02-25,2019-02-26
55,,Kandy Proper,2019-02-26,2019-02-27
56,,Kandy Proper,2019-02-27,2019-02-28
57,,Kandy Proper,2019-02-28,2019-03-01
58,,Kandy Proper,2019-03-01,2019-03-02
59,0.000113648535998,Kandy Proper,2019-03-02,2019-03-03
60,0.0001120620195392,Kandy Proper,2019-03-03,2019-03-04
61,0.0002530551243115,Kandy Proper,2019-03-04,2019-03-05
62,0.0002326652722074,Kandy Proper,2019-03-05,2019-03-06
63,0.0001284045619553,Kandy Proper,2019-03-06,2019-03-07
64,0.0001646112972623,Kandy Proper,2019-03-07,2019-03-08
65,0.000177511546709,Kandy Proper,2019-03-08,2019-03-09
66,,Kandy Proper,2019-03-09,2019-03-10
67,0.0001138036418406,Kandy Proper,2019-03-10,2019-03-11
68,0.0001638923213232,Kandy Proper,2019-03-11,2019-03-12
69,0.0001764080320851,Kandy Proper,2019-03-12,2019-03-13
70,4.218809439496275e-05,Kandy Proper,2019-03-13,2019-03-14
71,0.0001620084507506,Kandy Proper,2019-03-14,2019-03-15
72,0.0001104143683767,Kandy Proper,2019-03-15,2019-03-16
73,0.0001981838605184,Kandy Proper,2019-03-16,2019-03-17
74,0.0001831507209264,Kandy Proper,2019-03-17,2019-03-18
75,-4.018462979616311e-05,Kandy Proper,2019-03-18,2019-03-19
76,0.0002067529282929,Kandy Proper,2019-03-19,2019-03-20
77,0.0001473883183271,Kandy Proper,2019-03-20,2019-03-21
78,,Kandy Proper,2019-03-21,2019-03-22
79,0.0001790459257074,Kandy Proper,2019-03-22,2019-03-23
80,,Kandy Proper,2019-03-23,2019-03-24
81,0.0002471924438964,Kandy Proper,2019-03-24,2019-03-25
82,0.000219244095107,Kandy Proper,2019-03-25,2019-03-26
83,9.90805371426681e-05,Kandy Proper,2019-03-26,2019-03-27
84,0.0002333027310032,Kandy Proper,2019-03-27,2019-03-28
85,0.0002802419303598,Kandy Proper,2019-03-28,2019-03-29
86,0.0003589957958315,Kandy Proper,2019-03-29,2019-03-30
87,0.0001790145679855,Kandy Proper,2019-03-30,2019-03-31
88,0.0002927234455484,Kandy Proper,2019-03-31,2019-04-01
89,0.0003099209346141,Kandy Proper,2019-04-01,2019-04-02
90,0.0001707946467973,Kandy Proper,2019-04-02,2019-04-03
91,0.0002427714893424,Kandy Proper,2019-04-03,2019-04-04
92,0.0002338054752107,Kandy Proper,2019-04-04,2019-04-05
93,0.0001627528749175,Kandy Proper,2019-04-05,2019-04-06
94,0.0001725198818631,Kandy Proper,2019-04-06,2019-04-07
95,0.000270485470537,Kandy Proper,2019-04-07,2019-04-08
96,0.0002632230681999,Kandy Proper,2019-04-08,2019-04-09
97,0.0002203272160841,Kandy Proper,2019-04-09,2019-04-10
98,,Kandy Proper,2019-04-10,2019-04-11
99,,Kandy Proper,2019-04-11,2019-04-12
100,0.0002119455363545,Kandy Proper,2019-04-12,2019-04-13
101,8.435604480337817e-05,Kandy Proper,2019-04-13,2019-04-14
102,,Kandy Proper,2019-04-14,2019-04-15
103,,Kandy Proper,2019-04-15,2019-04-16
104,,Kandy Proper,2019-04-16,2019-04-17
105,,Kandy Proper,2019-04-17,2019-04-18
106,0.0001367393922806,Kandy Proper,2019-04-18,2019-04-19
107,0.0001502073732536,Kandy Proper,2019-04-19,2019-04-20
108,-0.0002142092153893,Kandy Proper,2019-04-20,2019-04-21
109,0.0001330528287211,Kandy Proper,2019-04-21,2019-04-22
110,0.0002652660056679,Kandy Proper,2019-04-22,2019-04-23
111,0.0001897010952234,Kandy Proper,2019-04-23,2019-04-24
112,0.000115200123351,Kandy Proper,2019-04-24,2019-04-25
113,,Kandy Proper,2019-04-25,2019-04-26
114,,Kandy Proper,2019-04-26,2019-04-27
115,,Kandy Proper,2019-04-27,2019-04-28
116,0.0001738814462858,Kandy Proper,2019-04-28,2019-04-29
117,,Kandy Proper,2019-04-29,2019-04-30
118,,Kandy Proper,2019-04-30,2019-05-01
119,,Kandy Proper,2019-05-01,2019-05-02
120,,Kandy Proper,2019-05-02,2019-05-03
121,,Kandy Proper,2019-05-03,2019-05-04
122,0.0002141238897929,Kandy Proper,2019-05-04,2019-05-05
123,7.564946081848705e-05,Kandy Proper,2019-05-05,2019-05-06
124,0.0001629478259072,Kandy Proper,2019-05-06,2019-05-07
125,0.0001492011730946,Kandy Proper,2019-05-07,2019-05-08
126,0.0001659245919994,Kandy Proper,2019-05-08,2019-05-09
127,0.0001472336010995,Kandy Proper,2019-05-09,2019-05-10
128,0.0002406209292845,Kandy Proper,2019-05-10,2019-05-11
129,0.0001774082428821,Kandy Proper,2019-05-11,2019-05-12
130,7.851454164433835e-05,Kandy Proper,2019-05-12,2019-05-13
131,8.480921821304122e-05,Kandy Proper,2019-05-13,2019-05-14
132,0.0002565932360046,Kandy Proper,2019-05-14,2019-05-15
133,0.0001084387637971,Kandy Proper,2019-05-15,2019-05-16
134,0.0002581514024065,Kandy Proper,2019-05-16,2019-05-17
135,0.0001626728519143,Kandy Proper,2019-05-17,2019-05-18
136,0.0001316183951811,Kandy Proper,2019-05-18,2019-05-19
137,0.0001846422713296,Kandy Proper,2019-05-19,2019-05-20
138,0.0001931410056934,Kandy Proper,2019-05-20,2019-05-21
139,0.0001087283892095,Kandy Proper,2019-05-21,2019-05-22
140,,Kandy Proper,2019-05-22,2019-05-23
141,0.0003283253734832,Kandy Proper,2019-05-23,2019-05-24
142,0.000101328985777,Kandy Proper,2019-05-24,2019-05-25
143,-1.1236420671396437e-05,Kandy Proper,2019-05-25,2019-05-26
144,0.0001002702697374,Kandy Proper,2019-05-26,2019-05-27
145,0.0001920604607636,Kandy Proper,2019-05-27,2019-05-28
146,0.0001766797704591,Kandy Proper,2019-05-28,2019-05-29
147,0.0002707986967031,Kandy Proper,2019-05-29,2019-05-30
148,0.0002678791857473,Kandy Proper,2019-05-30,2019-05-31
149,0.0001484190889814,Kandy Proper,2019-05-31,2019-06-01
150,2.7427695851211677e-05,Kandy Proper,2019-06-01,2019-06-02
151,0.00013723955328,Kandy Proper,2019-06-02,2019-06-03
152,,Kandy Proper,2019-06-03,2019-06-04
153,0.0001102947689259,Kandy Proper,2019-06-04,2019-06-05
154,,Kandy Proper,2019-06-05,2019-06-06
155,,Kandy Proper,2019-06-06,2019-06-07
156,,Kandy Proper,2019-06-07,2019-06-08
157,,Kandy Proper,2019-06-08,2019-06-09
158,0.0001298232751426,Kandy Proper,2019-06-09,2019-06-10
159,,Kandy Proper,2019-06-10,2019-06-11
160,9.29756764723738e-05,Kandy Proper,2019-06-11,2019-06-12
161,,Kandy Proper,2019-06-12,2019-06-13
162,0.0001227748434757,Kandy Proper,2019-06-13,2019-06-14
163,,Kandy Proper,2019-06-14,2019-06-15
164,0.0001109789303632,Kandy Proper,2019-06-15,2019-06-16
165,8.978404673863681e-05,Kandy Proper,2019-06-16,2019-06-17
166,1.569671117488859e-07,Kandy Proper,2019-06-17,2019-06-18
167,7.384788689971693e-05,Kandy Proper,2019-06-18,2019-06-19
168,0.0001137372567619,Kandy Proper,2019-06-19,2019-06-20
169,,Kandy Proper,2019-06-20,2019-06-21
170,,Kandy Proper,2019-06-21,2019-06-22
171,-7.303543319663562e-05,Kandy Proper,2019-06-22,2019-06-23
172,-3.8813264605263855e-06,Kandy Proper,2019-06-23,2019-06-24
173,,Kandy Proper,2019-06-24,2019-06-25
174,,Kandy Proper,2019-06-25,2019-06-26
175,2.5244143864092782e-05,Kandy Proper,2019-06-26,2019-06-27
176,7.838953585567481e-05,Kandy Proper,2019-06-27,2019-06-28
177,6.984348224061407e-05,Kandy Proper,2019-06-28,2019-06-29
178,8.639300023654194e-05,Kandy Proper,2019-06-29,2019-06-30
179,5.7654145708751706e-05,Kandy Proper,2019-06-30,2019-07-01
180,4.850917005854961e-05,Kandy Proper,2019-07-01,2019-07-02
181,7.01563219877274e-05,Kandy Proper,2019-07-02,2019-07-03
182,7.363816657454578e-05,Kandy Proper,2019-07-03,2019-07-04
183,6.852184014062264e-05,Kandy Proper,2019-07-04,2019-07-05
184,0.0001269866740033,Kandy Proper,2019-07-05,2019-07-06
185,8.118862348047131e-05,Kandy Proper,2019-07-06,2019-07-07
186,0.0001078062501781,Kandy Proper,2019-07-07,2019-07-08
187,0.0001755990354735,Kandy Proper,2019-07-08,2019-07-09
188,,Kandy Proper,2019-07-09,2019-07-10
189,0.0001629814492932,Kandy Proper,2019-07-10,2019-07-11
190,5.640249935191584e-05,Kandy Proper,2019-07-11,2019-07-12
191,0.00017017375007,Kandy Proper,2019-07-12,2019-07-13
192,0.0001224169308543,Kandy Proper,2019-07-13,2019-07-14
193,8.956526624236958e-05,Kandy Proper,2019-07-14,2019-07-15
194,,Kandy Proper,2019-07-15,2019-07-16
195,4.525880073866283e-05,Kandy Proper,2019-07-16,2019-07-17
196,,Kandy Proper,2019-07-17,2019-07-18
197,,Kandy Proper,2019-07-18,2019-07-19
198,,Kandy Proper,2019-07-19,2019-07-20
199,,Kandy Proper,2019-07-20,2019-07-21
200,,Kandy Proper,2019-07-21,2019-07-22
201,,Kandy Proper,2019-07-22,2019-07-23
202,4.788897537718524e-05,Kandy Proper,2019-07-23,2019-07-24
203,2.916065279478861e-06,Kandy Proper,2019-07-24,2019-07-25
204,,Kandy Proper,2019-07-25,2019-07-26
205,,Kandy Proper,2019-07-26,2019-07-27
206,0.0001362995272287,Kandy Proper,2019-07-27,2019-07-28
207,0.0001410117514989,Kandy Proper,2019-07-28,2019-07-29
208,0.0001108681239436,Kandy Proper,2019-07-29,2019-07-30
209,0.0001269736313424,Kandy Proper,2019-07-30,2019-07-31
210,,Kandy Proper,2019-07-31,2019-08-01
211,8.450872916320002e-05,Kandy Proper,2019-08-01,2019-08-02
212,8.556334796594454e-05,Kandy Proper,2019-08-02,2019-08-03
213,0.0001629133931493,Kandy Proper,2019-08-03,2019-08-04
214,-6.719856740310691e-05,Kandy Proper,2019-08-04,2019-08-05
215,1.3728068918731565e-05,Kandy Proper,2019-08-05,2019-08-06
216,,Kandy Proper,2019-08-06,2019-08-07
217,,Kandy Proper,2019-08-07,2019-08-08
218,,Kandy Proper,2019-08-08,2019-08-09
219,,Kandy Proper,2019-08-09,2019-08-10
220,,Kandy Proper,2019-08-10,2019-08-11
221,,Kandy Proper,2019-08-11,2019-08-12
222,,Kandy Proper,2019-08-12,2019-08-13
223,,Kandy Proper,2019-08-13,2019-08-14
224,,Kandy Proper,2019-08-14,2019-08-15
225,0.0001279531091228,Kandy Proper,2019-08-15,2019-08-16
226,-0.0001341463357675,Kandy Proper,2019-08-16,2019-08-17
227,,Kandy Proper,2019-08-17,2019-08-18
228,5.178013626492114e-06,Kandy Proper,2019-08-18,2019-08-19
229,7.336094013777636e-05,Kandy Proper,2019-08-19,2019-08-20
230,9.676125853351091e-05,Kandy Proper,2019-08-20,2019-08-21
231,,Kandy Proper,2019-08-21,2019-08-22
232,,Kandy Proper,2019-08-22,2019-08-23
233,,Kandy Proper,2019-08-23,2019-08-24
234,-9.744629293521988e-05,Kandy Proper,2019-08-24,2019-08-25
235,,Kandy Proper,2019-08-25,2019-08-26
236,,Kandy Proper,2019-08-26,2019-08-27
237,,Kandy Proper,2019-08-27,2019-08-28
238,,Kandy Proper,2019-08-28,2019-08-29
239,0.0001083149991837,Kandy Proper,2019-08-29,2019-08-30
240,,Kandy Proper,2019-08-30,2019-08-31
241,-2.726023558352608e-05,Kandy Proper,2019-08-31,2019-09-01
242,,Kandy Proper,2019-09-01,2019-09-02
243,0.0001035438698715,Kandy Proper,2019-09-02,2019-09-03
244,0.00012519500573,Kandy Proper,2019-09-03,2019-09-04
245,,Kandy Proper,2019-09-04,2019-09-05
246,,Kandy Proper,2019-09-05,2019-09-06
247,,Kandy Proper,2019-09-06,2019-09-07
248,,Kandy Proper,2019-09-07,2019-09-08
249,0.000130846576187,Kandy Proper,2019-09-08,2019-09-09
250,6.440015739232515e-05,Kandy Proper,2019-09-09,2019-09-10
251,-4.490703909183281e-06,Kandy Proper,2019-09-10,2019-09-11
252,,Kandy Proper,2019-09-11,2019-09-12
253,3.84899235780461e-05,Kandy Proper,2019-09-12,2019-09-13
254,5.465373724518264e-05,Kandy Proper,2019-09-13,2019-09-14
255,2.7055169553569706e-05,Kandy Proper,2019-09-14,2019-09-15
256,,Kandy Proper,2019-09-15,2019-09-16
257,,Kandy Proper,2019-09-16,2019-09-17
258,,Kandy Proper,2019-09-17,2019-09-18
259,,Kandy Proper,2019-09-18,2019-09-19
260,,Kandy Proper,2019-09-19,2019-09-20
261,,Kandy Proper,2019-09-20,2019-09-21
262,-7.114043515272996e-05,Kandy Proper,2019-09-21,2019-09-22
263,,Kandy Proper,2019-09-22,2019-09-23
264,,Kandy Proper,2019-09-23,2019-09-24
265,,Kandy Proper,2019-09-24,2019-09-25
266,,Kandy Proper,2019-09-25,2019-09-26
267,,Kandy Proper,2019-09-26,2019-09-27
268,0.0003191542431707,Kandy Proper,2019-09-27,2019-09-28
269,,Kandy Proper,2019-09-28,2019-09-29
270,0.0001658764883008,Kandy Proper,2019-09-29,2019-09-30
271,,Kandy Proper,2019-09-30,2019-10-01
272,-4.6999528422020376e-05,Kandy Proper,2019-10-01,2019-10-02
273,-1.4826539764421446e-05,Kandy Proper,2019-10-02,2019-10-03
274,7.27780738171674e-05,Kandy Proper,2019-10-03,2019-10-04
275,0.0001353517792948,Kandy Proper,2019-10-04,2019-10-05
276,0.000211714078209,Kandy Proper,2019-10-05,2019-10-06
277,,Kandy Proper,2019-10-06,2019-10-07
278,,Kandy Proper,2019-10-07,2019-10-08
279,0.0002594348285443,Kandy Proper,2019-10-08,2019-10-09
280,5.5017379612996025e-05,Kandy Proper,2019-10-09,2019-10-10
281,0.000184300610996,Kandy Proper,2019-10-10,2019-10-11
282,,Kandy Proper,2019-10-11,2019-10-12
283,-8.12430155552532e-06,Kandy Proper,2019-10-12,2019-10-13
284,0.0001683501734359,Kandy Proper,2019-10-13,2019-10-14
285,6.314259477157411e-05,Kandy Proper,2019-10-14,2019-10-15
286,7.16713507747282e-05,Kandy Proper,2019-10-15,2019-10-16
287,,Kandy Proper,2019-10-16,2019-10-17
288,,Kandy Proper,2019-10-17,2019-10-18
289,-5.450984014903148e-05,Kandy Proper,2019-10-18,2019-10-19
290,6.532771676132629e-06,Kandy Proper,2019-10-19,2019-10-20
291,,Kandy Proper,2019-10-20,2019-10-21
292,,Kandy Proper,2019-10-21,2019-10-22
293,,Kandy Proper,2019-10-22,2019-10-23
294,,Kandy Proper,2019-10-23,2019-10-24
295,,Kandy Proper,2019-10-24,2019-10-25
296,0.0001281877837051,Kandy Proper,2019-10-25,2019-10-26
297,,Kandy Proper,2019-10-26,2019-10-27
298,,Kandy Proper,2019-10-27,2019-10-28
299,,Kandy Proper,2019-10-28,2019-10-29
300,0.000145187879816,Kandy Proper,2019-10-29,2019-10-30
301,,Kandy Proper,2019-10-30,2019-10-31
302,0.0001583682460477,Kandy Proper,2019-10-31,2019-11-01
303,8.03607778339573e-06,Kandy Proper,2019-11-01,2019-11-02
304,0.0001206702023413,Kandy Proper,2019-11-02,2019-11-03
305,,Kandy Proper,2019-11-03,2019-11-04
306,-1.1500492291816045e-05,Kandy Proper,2019-11-04,2019-11-05
307,0.0001060345932494,Kandy Proper,2019-11-05,2019-11-06
308,0.0001942600579433,Kandy Proper,2019-11-06,2019-11-07
309,0.0001218222388384,Kandy Proper,2019-11-07,2019-11-08
310,0.0001080851276708,Kandy Proper,2019-11-08,2019-11-09
311,,Kandy Proper,2019-11-09,2019-11-10
312,,Kandy Proper,2019-11-10,2019-11-11
313,,Kandy Proper,2019-11-11,2019-11-12
314,0.0001007815771098,Kandy Proper,2019-11-12,2019-11-13
315,0.000151877029566,Kandy Proper,2019-11-13,2019-11-14
316,7.99506458137099e-05,Kandy Proper,2019-11-14,2019-11-15
317,-6.176820124360381e-06,Kandy Proper,2019-11-15,2019-11-16
318,,Kandy Proper,2019-11-16,2019-11-17
319,0.000215708851931,Kandy Proper,2019-11-17,2019-11-18
320,,Kandy Proper,2019-11-18,2019-11-19
321,0.0002508715360598,Kandy Proper,2019-11-19,2019-11-20
322,7.941161537465213e-05,Kandy Proper,2019-11-20,2019-11-21
323,0.0001318497328563,Kandy Proper,2019-11-21,2019-11-22
324,,Kandy Proper,2019-11-22,2019-11-23
325,,Kandy Proper,2019-11-23,2019-11-24
326,,Kandy Proper,2019-11-24,2019-11-25
327,,Kandy Proper,2019-11-25,2019-11-26
328,,Kandy Proper,2019-11-26,2019-11-27
329,-0.0001788882946129,Kandy Proper,2019-11-27,2019-11-28
330,,Kandy Proper,2019-11-28,2019-11-29
331,,Kandy Proper,2019-11-29,2019-11-30
332,,Kandy Proper,2019-11-30,2019-12-01
333,,Kandy Proper,2019-12-01,2019-12-02
334,,Kandy Proper,2019-12-02,2019-12-03
335,0.0003254878974985,Kandy Proper,2019-12-03,2019-12-04
336,,Kandy Proper,2019-12-04,2019-12-05
337,,Kandy Proper,2019-12-05,2019-12-06
338,0.0001137311099891,Kandy Proper,2019-12-06,2019-12-07
339,,Kandy Proper,2019-12-07,2019-12-08
340,4.997236610893405e-05,Kandy Proper,2019-12-08,2019-12-09
341,,Kandy Proper,2019-12-09,2019-12-10
342,0.0002581430599093,Kandy Proper,2019-12-10,2019-12-11
343,8.172313194602926e-06,Kandy Proper,2019-12-11,2019-12-12
344,0.0001237011535845,Kandy Proper,2019-12-12,2019-12-13
345,0.000107973238261,Kandy Proper,2019-12-13,2019-12-14
346,9.175125425502092e-05,Kandy Proper,2019-12-14,2019-12-15
347,0.0001806210249414,Kandy Proper,2019-12-15,2019-12-16
348,0.0003312172775622,Kandy Proper,2019-12-16,2019-12-17
349,,Kandy Proper,2019-12-17,2019-12-18
350,,Kandy Proper,2019-12-18,2019-12-19
351,,Kandy Proper,2019-12-19,2019-12-20
352,,Kandy Proper,2019-12-20,2019-12-21
353,1.3332796952489262e-05,Kandy Proper,2019-12-21,2019-12-22
354,,Kandy Proper,2019-12-22,2019-12-23
355,9.871649939840514e-05,Kandy Proper,2019-12-23,2019-12-24
356,3.053566210736505e-05,Kandy Proper,2019-12-24,2019-12-25
357,,Kandy Proper,2019-12-25,2019-12-26
358,2.923294307019481e-05,Kandy Proper,2019-12-26,2019-12-27
359,4.874119039013025e-05,Kandy Proper,2019-12-27,2019-12-28
360,0.0002435742998434,Kandy Proper,2019-12-28,2019-12-29
361,0.0001683466884456,Kandy Proper,2019-12-29,2019-12-30
362,0.0001406881091402,Kandy Proper,2019-12-30,2019-12-31
363,-1.0951929722871224e-05,Kandy Proper,2019-12-31,2020-01-01
364,7.155854597694045e-05,Kandy Proper,2020-01-01,2020-01-02
365,3.4902131511479535e-05,Kandy Proper,2020-01-02,2020-01-03
366,0.0001230119750996,Kandy Proper,2020-01-03,2020-01-04
367,0.0001648876523788,Kandy Proper,2020-01-04,2020-01-05
368,0.0001538563380404,Kandy Proper,2020-01-05,2020-01-06
369,0.0001389952001376,Kandy Proper,2020-01-06,2020-01-07
370,2.208422988999331e-05,Kandy Proper,2020-01-07,2020-01-08
371,5.9849775620916735e-06,Kandy Proper,2020-01-08,2020-01-09
372,0.0001593083649141,Kandy Proper,2020-01-09,2020-01-10
373,6.494334061404368e-05,Kandy Proper,2020-01-10,2020-01-11
374,-0.0001014234631775,Kandy Proper,2020-01-11,2020-01-12
375,8.98590430574081e-05,Kandy Proper,2020-01-12,2020-01-13
376,0.000255274243036,Kandy Proper,2020-01-13,2020-01-14
377,7.213411316676246e-05,Kandy Proper,2020-01-14,2020-01-15
378,6.347479632876642e-06,Kandy Proper,2020-01-15,2020-01-16
379,-2.5136813295502327e-06,Kandy Proper,2020-01-16,2020-01-17
380,,Kandy Proper,2020-01-17,2020-01-18
381,4.245150261323624e-06,Kandy Proper,2020-01-18,2020-01-19
382,6.611775819286781e-05,Kandy Proper,2020-01-19,2020-01-20
383,8.156279331884199e-05,Kandy Proper,2020-01-20,2020-01-21
384,0.00010824260068,Kandy Proper,2020-01-21,2020-01-22
385,,Kandy Proper,2020-01-22,2020-01-23
386,1.579852093386877e-05,Kandy Proper,2020-01-23,2020-01-24
387,2.5639344712949608e-05,Kandy Proper,2020-01-24,2020-01-25
388,0.0001282278656513,Kandy Proper,2020-01-25,2020-01-26
389,8.292953115424783e-05,Kandy Proper,2020-01-26,2020-01-27
390,-1.2934752344508092e-05,Kandy Proper,2020-01-27,2020-01-28
391,0.000226189160589,Kandy Proper,2020-01-28,2020-01-29
392,0.0001500660399675,Kandy Proper,2020-01-29,2020-01-30
393,0.0001993341817876,Kandy Proper,2020-01-30,2020-01-31
394,0.0002360347703028,Kandy Proper,2020-01-31,2020-02-01
395,4.147988255400665e-05,Kandy Proper,2020-02-01,2020-02-02
396,0.0001101811390116,Kandy Proper,2020-02-02,2020-02-03
397,8.359787684691174e-05,Kandy Proper,2020-02-03,2020-02-04
398,0.0004700131730993,Kandy Proper,2020-02-04,2020-02-05
399,3.033703627091292e-05,Kandy Proper,2020-02-05,2020-02-06
400,0.000478329760477,Kandy Proper,2020-02-06,2020-02-07
401,0.0001885921593239,Kandy Proper,2020-02-07,2020-02-08
402,0.000206615412484,Kandy Proper,2020-02-08,2020-02-09
403,0.0002099230082314,Kandy Proper,2020-02-09,2020-02-10
404,0.0001012152970348,Kandy Proper,2020-02-10,2020-02-11
405,0.0001661103129684,Kandy Proper,2020-02-11,2020-02-12
406,,Kandy Proper,2020-02-12,2020-02-13
407,7.985907723195851e-05,Kandy Proper,2020-02-13,2020-02-14
408,2.80674982805179e-05,Kandy Proper,2020-02-14,2020-02-15
409,2.8557976474641303e-05,Kandy Proper,2020-02-15,2020-02-16
410,5.939227088696713e-05,Kandy Proper,2020-02-16,2020-02-17
411,-2.991632775418153e-05,Kandy Proper,2020-02-17,2020-02-18
412,8.477630699895465e-05,Kandy Proper,2020-02-18,2020-02-19
413,8.624971456350402e-05,Kandy Proper,2020-02-19,2020-02-20
414,0.0001091362161538,Kandy Proper,2020-02-20,2020-02-21
415,9.951467357187598e-05,Kandy Proper,2020-02-21,2020-02-22
416,,Kandy Proper,2020-02-22,2020-02-23
417,,Kandy Proper,2020-02-23,2020-02-24
418,7.92462013230872e-05,Kandy Proper,2020-02-24,2020-02-25
419,2.852183108554632e-05,Kandy Proper,2020-02-25,2020-02-26
420,3.690094368802118e-05,Kandy Proper,2020-02-26,2020-02-27
421,8.417925604034724e-05,Kandy Proper,2020-02-27,2020-02-28
422,0.0001106094642567,Kandy Proper,2020-02-28,2020-02-29
423,0.000127749831884,Kandy Proper,2020-02-29,2020-03-01
424,2.282981443920495e-05,Kandy Proper,2020-03-01,2020-03-02
425,0.0002515676940223,Kandy Proper,2020-03-02,2020-03-03
426,0.0002509742155915,Kandy Proper,2020-03-03,2020-03-04
427,0.0001648506277572,Kandy Proper,2020-03-04,2020-03-05
428,0.0004000880421565,Kandy Proper,2020-03-05,2020-03-06
429,0.0004092769502866,Kandy Proper,2020-03-06,2020-03-07
430,0.0002437990954255,Kandy Proper,2020-03-07,2020-03-08
431,0.000121599683705,Kandy Proper,2020-03-08,2020-03-09
432,9.108401704156445e-05,Kandy Proper,2020-03-09,2020-03-10
433,0.0001796623974317,Kandy Proper,2020-03-10,2020-03-11
434,0.0001286283394897,Kandy Proper,2020-03-11,2020-03-12
435,0.0001727288425821,Kandy Proper,2020-03-12,2020-03-13
436,0.0002123434847794,Kandy Proper,2020-03-13,2020-03-14
437,0.0002990524133461,Kandy Proper,2020-03-14,2020-03-15
438,8.707282150456954e-05,Kandy Proper,2020-03-15,2020-03-16
439,7.012736708837104e-05,Kandy Proper,2020-03-16,2020-03-17
440,,Kandy Proper,2020-03-17,2020-03-18
441,,Kandy Proper,2020-03-18,2020-03-19
442,0.0001224288796003,Kandy Proper,2020-03-19,2020-03-20
443,7.542810292997175e-05,Kandy Proper,2020-03-20,2020-03-21
444,0.0002530440598434,Kandy Proper,2020-03-21,2020-03-22
445,0.0001270776035311,Kandy Proper,2020-03-22,2020-03-23
446,0.000183833879955,Kandy Proper,2020-03-23,2020-03-24
447,7.428871762571976e-05,Kandy Proper,2020-03-24,2020-03-25
448,0.0001623573528554,Kandy Proper,2020-03-25,2020-03-26
449,0.0003002433353036,Kandy Proper,2020-03-26,2020-03-27
450,0.000127765218398,Kandy Proper,2020-03-27,2020-03-28
451,0.0001197896427536,Kandy Proper,2020-03-28,2020-03-29
452,0.0002912754796542,Kandy Proper,2020-03-29,2020-03-30
453,5.84370020313593e-05,Kandy Proper,2020-03-30,2020-03-31
454,0.0001321798643605,Kandy Proper,2020-03-31,2020-04-01
455,0.0002143646010247,Kandy Proper,2020-04-01,2020-04-02
456,0.000204200793442,Kandy Proper,2020-04-02,2020-04-03
457,0.0002238080474567,Kandy Proper,2020-04-03,2020-04-04
458,0.0002362266484168,Kandy Proper,2020-04-04,2020-04-05
459,0.0001707266449636,Kandy Proper,2020-04-05,2020-04-06
460,0.0002627602403354,Kandy Proper,2020-04-06,2020-04-07
461,0.0001451442359196,Kandy Proper,2020-04-07,2020-04-08
462,0.0003232150559895,Kandy Proper,2020-04-08,2020-04-09
463,,Kandy Proper,2020-04-09,2020-04-10
464,0.0002589800087883,Kandy Proper,2020-04-10,2020-04-11
465,0.0001375786567285,Kandy Proper,2020-04-11,2020-04-12
466,6.81672975406137e-05,Kandy Proper,2020-04-12,2020-04-13
467,6.484950670100219e-05,Kandy Proper,2020-04-13,2020-04-14
468,8.754926922942671e-05,Kandy Proper,2020-04-14,2020-04-15
469,0.0001330184937399,Kandy Proper,2020-04-15,2020-04-16
470,,Kandy Proper,2020-04-16,2020-04-17
471,,Kandy Proper,2020-04-17,2020-04-18
472,0.0001339216220938,Kandy Proper,2020-04-18,2020-04-19
473,-4.14074375485672e-05,Kandy Proper,2020-04-19,2020-04-20
474,6.943667528661855e-05,Kandy Proper,2020-04-20,2020-04-21
475,7.61536238488355e-05,Kandy Proper,2020-04-21,2020-04-22
476,,Kandy Proper,2020-04-22,2020-04-23
477,0.0002263021462848,Kandy Proper,2020-04-23,2020-04-24
478,-4.533776899965042e-05,Kandy Proper,2020-04-24,2020-04-25
479,0.0001478372587909,Kandy Proper,2020-04-25,2020-04-26
480,0.0002070498634637,Kandy Proper,2020-04-26,2020-04-27
481,0.0002005466185816,Kandy Proper,2020-04-27,2020-04-28
482,0.0002640234710242,Kandy Proper,2020-04-28,2020-04-29
483,0.0001862955172209,Kandy Proper,2020-04-29,2020-04-30
484,0.0003508670611382,Kandy Proper,2020-04-30,2020-05-01
485,0.0001640774270463,Kandy Proper,2020-05-01,2020-05-02
486,0.0002219898440888,Kandy Proper,2020-05-02,2020-05-03
487,0.0001382809274544,Kandy Proper,2020-05-03,2020-05-04
488,5.0318049528272354e-05,Kandy Proper,2020-05-04,2020-05-05
489,,Kandy Proper,2020-05-05,2020-05-06
490,,Kandy Proper,2020-05-06,2020-05-07
491,6.71071361292346e-05,Kandy Proper,2020-05-07,2020-05-08
492,0.0001932939095424,Kandy Proper,2020-05-08,2020-05-09
493,,Kandy Proper,2020-05-09,2020-05-10
494,,Kandy Proper,2020-05-10,2020-05-11
495,,Kandy Proper,2020-05-11,2020-05-12
496,0.0001487807254843,Kandy Proper,2020-05-12,2020-05-13
497,,Kandy Proper,2020-05-13,2020-05-14
498,0.0001379187874819,Kandy Proper,2020-05-14,2020-05-15
499,0.0001943677305868,Kandy Proper,2020-05-15,2020-05-16
500,,Kandy Proper,2020-05-16,2020-05-17
501,,Kandy Proper,2020-05-17,2020-05-18
502,,Kandy Proper,2020-05-18,2020-05-19
503,,Kandy Proper,2020-05-19,2020-05-20
504,,Kandy Proper,2020-05-20,2020-05-21
505,5.9778085832233474e-05,Kandy Proper,2020-05-21,2020-05-22
506,,Kandy Proper,2020-05-22,2020-05-23
507,-3.4450998072727456e-05,Kandy Proper,2020-05-23,2020-05-24
508,9.378034273934048e-05,Kandy Proper,2020-05-24,2020-05-25
509,,Kandy Proper,2020-05-25,2020-05-26
510,0.0001373239248166,Kandy Proper,2020-05-26,2020-05-27
511,7.19252801574543e-05,Kandy Proper,2020-05-27,2020-05-28
512,0.0001251784658765,Kandy Proper,2020-05-28,2020-05-29
513,-1.8530763534646398e-05,Kandy Proper,2020-05-29,2020-05-30
514,2.452850172028484e-05,Kandy Proper,2020-05-30,2020-05-31
515,-9.587444172728222e-06,Kandy Proper,2020-05-31,2020-06-01
516,0.0001985903069888,Kandy Proper,2020-06-01,2020-06-02
517,9.919274367323932e-05,Kandy Proper,2020-06-02,2020-06-03
518,4.0568798727827823e-05,Kandy Proper,2020-06-03,2020-06-04
519,5.875759578402897e-05,Kandy Proper,2020-06-04,2020-06-05
520,7.413875793667798e-05,Kandy Proper,2020-06-05,2020-06-06
521,,Kandy Proper,2020-06-06,2020-06-07
522,,Kandy Proper,2020-06-07,2020-06-08
523,,Kandy Proper,2020-06-08,2020-06-09
524,5.5273396309281816e-05,Kandy Proper,2020-06-09,2020-06-10
525,,Kandy Proper,2020-06-10,2020-06-11
526,,Kandy Proper,2020-06-11,2020-06-12
527,,Kandy Proper,2020-06-12,2020-06-13
528,0.0001924278559152,Kandy Proper,2020-06-13,2020-06-14
529,2.288989126863385e-05,Kandy Proper,2020-06-14,2020-06-15
530,0.0001378964831516,Kandy Proper,2020-06-15,2020-06-16
531,0.0001798368255782,Kandy Proper,2020-06-16,2020-06-17
532,,Kandy Proper,2020-06-17,2020-06-18
533,9.347759003517042e-05,Kandy Proper,2020-06-18,2020-06-19
534,-3.3352800628007625e-05,Kandy Proper,2020-06-19,2020-06-20
535,6.290926119445101e-05,Kandy Proper,2020-06-20,2020-06-21
536,,Kandy Proper,2020-06-21,2020-06-22
537,4.1924184111101534e-05,Kandy Proper,2020-06-22,2020-06-23
538,,Kandy Proper,2020-06-23,2020-06-24
539,7.439807721466363e-05,Kandy Proper,2020-06-24,2020-06-25
540,,Kandy Proper,2020-06-25,2020-06-26
541,3.634412960661862e-05,Kandy Proper,2020-06-26,2020-06-27
542,0.0001035208070358,Kandy Proper,2020-06-27,2020-06-28
543,,Kandy Proper,2020-06-28,2020-06-29
544,7.50787554440214e-05,Kandy Proper,2020-06-29,2020-06-30
545,9.300456479088662e-05,Kandy Proper,2020-06-30,2020-07-01
546,,Kandy Proper,2020-07-01,2020-07-02
547,9.60294709198994e-05,Kandy Proper,2020-07-02,2020-07-03
548,,Kandy Proper,2020-07-03,2020-07-04
549,,Kandy Proper,2020-07-04,2020-07-05
550,7.786278896859889e-05,Kandy Proper,2020-07-05,2020-07-06
551,9.247921794465604e-05,Kandy Proper,2020-07-06,2020-07-07
552,0.0001380256436044,Kandy Proper,2020-07-07,2020-07-08
553,0.0001475313623714,Kandy Proper,2020-07-08,2020-07-09
554,,Kandy Proper,2020-07-09,2020-07-10
555,,Kandy Proper,2020-07-10,2020-07-11
556,0.0001561110839227,Kandy Proper,2020-07-11,2020-07-12
557,9.297545808427271e-05,Kandy Proper,2020-07-12,2020-07-13
558,0.00018153703271,Kandy Proper,2020-07-13,2020-07-14
559,5.6862822195512606e-05,Kandy Proper,2020-07-14,2020-07-15
560,,Kandy Proper,2020-07-15,2020-07-16
561,,Kandy Proper,2020-07-16,2020-07-17
562,,Kandy Proper,2020-07-17,2020-07-18
563,,Kandy Proper,2020-07-18,2020-07-19
564,,Kandy Proper,2020-07-19,2020-07-20
565,,Kandy Proper,2020-07-20,2020-07-21
566,4.0588043353301246e-05,Kandy Proper,2020-07-21,2020-07-22
567,-2.874425106294021e-05,Kandy Proper,2020-07-22,2020-07-23
568,0.0001036504798335,Kandy Proper,2020-07-23,2020-07-24
569,0.0001004042849957,Kandy Proper,2020-07-24,2020-07-25
570,,Kandy Proper,2020-07-25,2020-07-26
571,,Kandy Proper,2020-07-26,2020-07-27
572,,Kandy Proper,2020-07-27,2020-07-28
573,,Kandy Proper,2020-07-28,2020-07-29
574,,Kandy Proper,2020-07-29,2020-07-30
575,,Kandy Proper,2020-07-30,2020-07-31
576,-5.821006164510963e-05,Kandy Proper,2020-07-31,2020-08-01
577,,Kandy Proper,2020-08-01,2020-08-02
578,,Kandy Proper,2020-08-02,2020-08-03
579,,Kandy Proper,2020-08-03,2020-08-04
580,,Kandy Proper,2020-08-04,2020-08-05
581,,Kandy Proper,2020-08-05,2020-08-06
582,,Kandy Proper,2020-08-06,2020-08-07
583,,Kandy Proper,2020-08-07,2020-08-08
584,,Kandy Proper,2020-08-08,2020-08-09
585,,Kandy Proper,2020-08-09,2020-08-10
586,,Kandy Proper,2020-08-10,2020-08-11
587,,Kandy Proper,2020-08-11,2020-08-12
588,7.586057603543336e-05,Kandy Proper,2020-08-12,2020-08-13
589,-2.898902822251044e-05,Kandy Proper,2020-08-13,2020-08-14
590,0.0001271915657533,Kandy Proper,2020-08-14,2020-08-15
591,,Kandy Proper,2020-08-15,2020-08-16
592,,Kandy Proper,2020-08-16,2020-08-17
593,3.644088504204493e-05,Kandy Proper,2020-08-17,2020-08-18
594,5.4838374249355775e-05,Kandy Proper,2020-08-18,2020-08-19
595,0.0001300370956015,Kandy Proper,2020-08-19,2020-08-20
596,0.0001331987709522,Kandy Proper,2020-08-20,2020-08-21
597,9.655315629476696e-05,Kandy Proper,2020-08-21,2020-08-22
598,0.0001228781537305,Kandy Proper,2020-08-22,2020-08-23
599,8.472898340419462e-05,Kandy Proper,2020-08-23,2020-08-24
600,7.197216665810354e-05,Kandy Proper,2020-08-24,2020-08-25
601,0.0001511948434713,Kandy Proper,2020-08-25,2020-08-26
602,0.0001039376144436,Kandy Proper,2020-08-26,2020-08-27
603,0.0002069068000109,Kandy Proper,2020-08-27,2020-08-28
604,9.410559345347804e-05,Kandy Proper,2020-08-28,2020-08-29
605,0.0001083401827632,Kandy Proper,2020-08-29,2020-08-30
606,,Kandy Proper,2020-08-30,2020-08-31
607,1.7858797562988964e-05,Kandy Proper,2020-08-31,2020-09-01
608,,Kandy Proper,2020-09-01,2020-09-02
609,,Kandy Proper,2020-09-02,2020-09-03
610,,Kandy Proper,2020-09-03,2020-09-04
611,0.0001561620312317,Kandy Proper,2020-09-04,2020-09-05
612,0.0002112945863213,Kandy Proper,2020-09-05,2020-09-06
613,,Kandy Proper,2020-09-06,2020-09-07
614,,Kandy Proper,2020-09-07,2020-09-08
615,,Kandy Proper,2020-09-08,2020-09-09
616,,Kandy Proper,2020-09-09,2020-09-10
617,,Kandy Proper,2020-09-10,2020-09-11
618,,Kandy Proper,2020-09-11,2020-09-12
619,,Kandy Proper,2020-09-12,2020-09-13
620,,Kandy Proper,2020-09-13,2020-09-14
621,,Kandy Proper,2020-09-14,2020-09-15
622,,Kandy Proper,2020-09-15,2020-09-16
623,-6.399460900455862e-06,Kandy Proper,2020-09-16,2020-09-17
624,,Kandy Proper,2020-09-17,2020-09-18
625,,Kandy Proper,2020-09-18,2020-09-19
626,,Kandy Proper,2020-09-19,2020-09-20
627,,Kandy Proper,2020-09-20,2020-09-21
628,,Kandy Proper,2020-09-21,2020-09-22
629,,Kandy Proper,2020-09-22,2020-09-23
630,,Kandy Proper,2020-09-23,2020-09-24
631,,Kandy Proper,2020-09-24,2020-09-25
632,,Kandy Proper,2020-09-25,2020-09-26
633,2.9140114786906534e-05,Kandy Proper,2020-09-26,2020-09-27
634,5.918115428814198e-05,Kandy Proper,2020-09-27,2020-09-28
635,,Kandy Proper,2020-09-28,2020-09-29
636,,Kandy Proper,2020-09-29,2020-09-30
637,,Kandy Proper,2020-09-30,2020-10-01
638,,Kandy Proper,2020-10-01,2020-10-02
639,6.187819825380392e-05,Kandy Proper,2020-10-02,2020-10-03
640,,Kandy Proper,2020-10-03,2020-10-04
641,-8.405673784804399e-05,Kandy Proper,2020-10-04,2020-10-05
642,2.340741803698854e-05,Kandy Proper,2020-10-05,2020-10-06
643,0.000153065467134,Kandy Proper,2020-10-06,2020-10-07
644,,Kandy Proper,2020-10-07,2020-10-08
645,0.0002395261766511,Kandy Proper,2020-10-08,2020-10-09
646,,Kandy Proper,2020-10-09,2020-10-10
647,,Kandy Proper,2020-10-10,2020-10-11
648,,Kandy Proper,2020-10-11,2020-10-12
649,0.0001191722702993,Kandy Proper,2020-10-12,2020-10-13
650,,Kandy Proper,2020-10-13,2020-10-14
651,,Kandy Proper,2020-10-14,2020-10-15
652,,Kandy Proper,2020-10-15,2020-10-16
653,,Kandy Proper,2020-10-16,2020-10-17
654,,Kandy Proper,2020-10-17,2020-10-18
655,9.942865362783062e-05,Kandy Proper,2020-10-18,2020-10-19
656,5.091611358656925e-05,Kandy Proper,2020-10-19,2020-10-20
657,0.0001802236656436,Kandy Proper,2020-10-20,2020-10-21
658,,Kandy Proper,2020-10-21,2020-10-22
659,-4.553184436542499e-05,Kandy Proper,2020-10-22,2020-10-23
660,0.0001413955854575,Kandy Proper,2020-10-23,2020-10-24
661,,Kandy Proper,2020-10-24,2020-10-25
662,0.0001253098141751,Kandy Proper,2020-10-25,2020-10-26
663,0.0001054599889436,Kandy Proper,2020-10-26,2020-10-27
664,0.0002906781728291,Kandy Proper,2020-10-27,2020-10-28
665,0.0002301803110104,Kandy Proper,2020-10-28,2020-10-29
666,1.5190680648411468e-05,Kandy Proper,2020-10-29,2020-10-30
667,2.0346973745964616e-05,Kandy Proper,2020-10-30,2020-10-31
668,0.0002669556633126,Kandy Proper,2020-10-31,2020-11-01
669,0.0001144036309497,Kandy Proper,2020-11-01,2020-11-02
670,0.0003174029800108,Kandy Proper,2020-11-02,2020-11-03
671,0.0001940053583054,Kandy Proper,2020-11-03,2020-11-04
672,,Kandy Proper,2020-11-04,2020-11-05
673,0.0002152013859527,Kandy Proper,2020-11-05,2020-11-06
674,7.865702273595624e-05,Kandy Proper,2020-11-06,2020-11-07
675,1.4512602882058574e-05,Kandy Proper,2020-11-07,2020-11-08
676,,Kandy Proper,2020-11-08,2020-11-09
677,,Kandy Proper,2020-11-09,2020-11-10
678,,Kandy Proper,2020-11-10,2020-11-11
679,,Kandy Proper,2020-11-11,2020-11-12
680,,Kandy Proper,2020-11-12,2020-11-13
681,5.822340171636285e-05,Kandy Proper,2020-11-13,2020-11-14
682,-0.0002281814390666,Kandy Proper,2020-11-14,2020-11-15
683,2.080764581499092e-06,Kandy Proper,2020-11-15,2020-11-16
684,,Kandy Proper,2020-11-16,2020-11-17
685,0.0002155685110139,Kandy Proper,2020-11-17,2020-11-18
686,0.0001192011250972,Kandy Proper,2020-11-18,2020-11-19
687,-0.0001110250301271,Kandy Proper,2020-11-19,2020-11-20
688,0.0001545883075666,Kandy Proper,2020-11-20,2020-11-21
689,,Kandy Proper,2020-11-21,2020-11-22
690,,Kandy Proper,2020-11-22,2020-11-23
691,,Kandy Proper,2020-11-23,2020-11-24
692,,Kandy Proper,2020-11-24,2020-11-25
693,,Kandy Proper,2020-11-25,2020-11-26
694,6.702725268554318e-05,Kandy Proper,2020-11-26,2020-11-27
695,8.321889173172491e-05,Kandy Proper,2020-11-27,2020-11-28
696,0.0002035630910477,Kandy Proper,2020-11-28,2020-11-29
697,0.0001522428738161,Kandy Proper,2020-11-29,2020-11-30
698,,Kandy Proper,2020-11-30,2020-12-01
699,,Kandy Proper,2020-12-01,2020-12-02
700,,Kandy Proper,2020-12-02,2020-12-03
701,,Kandy Proper,2020-12-03,2020-12-04
702,,Kandy Proper,2020-12-04,2020-12-05
703,,Kandy Proper,2020-12-05,2020-12-06
704,2.218055964072308e-05,Kandy Proper,2020-12-06,2020-12-07
705,6.569795051088172e-05,Kandy Proper,2020-12-07,2020-12-08
706,,Kandy Proper,2020-12-08,2020-12-09
707,0.0001130016974298,Kandy Proper,2020-12-09,2020-12-10
708,-8.215035264478285e-06,Kandy Proper,2020-12-10,2020-12-11
709,0.0002214205376791,Kandy Proper,2020-12-11,2020-12-12
710,0.0003215528849652,Kandy Proper,2020-12-12,2020-12-13
711,,Kandy Proper,2020-12-13,2020-12-14
712,0.0001000424202731,Kandy Proper,2020-12-14,2020-12-15
713,5.524074311449292e-05,Kandy Proper,2020-12-15,2020-12-16
714,0.000103864951423,Kandy Proper,2020-12-16,2020-12-17
715,0.0001959544323017,Kandy Proper,2020-12-17,2020-12-18
716,,Kandy Proper,2020-12-18,2020-12-19
717,1.6758892768918845e-05,Kandy Proper,2020-12-19,2020-12-20
718,,Kandy Proper,2020-12-20,2020-12-21
719,,Kandy Proper,2020-12-21,2020-12-22
720,,Kandy Proper,2020-12-22,2020-12-23
721,,Kandy Proper,2020-12-23,2020-12-24
722,,Kandy Proper,2020-12-24,2020-12-25
723,0.0007051621763962,Kandy Proper,2020-12-25,2020-12-26
724,,Kandy Proper,2020-12-26,2020-12-27
725,,Kandy Proper,2020-12-27,2020-12-28
726,,Kandy Proper,2020-12-28,2020-12-29
727,6.056729718064181e-05,Kandy Proper,2020-12-29,2020-12-30
728,0.0001332103260112,Kandy Proper,2020-12-30,2020-12-31
729,,Kandy Proper,2020-12-31,2021-01-01
730,,Kandy Proper,2021-01-01,2021-01-02
731,,Kandy Proper,2021-01-02,2021-01-03
732,,Kandy Proper,2021-01-03,2021-01-04
733,-1.334469898249286e-05,Kandy Proper,2021-01-04,2021-01-05
734,,Kandy Proper,2021-01-05,2021-01-06
735,0.0001541101188707,Kandy Proper,2021-01-06,2021-01-07
736,0.0001188333112233,Kandy Proper,2021-01-07,2021-01-08
737,,Kandy Proper,2021-01-08,2021-01-09
738,,Kandy Proper,2021-01-09,2021-01-10
739,,Kandy Proper,2021-01-10,2021-01-11
740,,Kandy Proper,2021-01-11,2021-01-12
741,,Kandy Proper,2021-01-12,2021-01-13
742,,Kandy Proper,2021-01-13,2021-01-14
743,,Kandy Proper,2021-01-14,2021-01-15
744,,Kandy Proper,2021-01-15,2021-01-16
745,0.0001344845012528,Kandy Proper,2021-01-16,2021-01-17
746,,Kandy Proper,2021-01-17,2021-01-18
747,,Kandy Proper,2021-01-18,2021-01-19
748,,Kandy Proper,2021-01-19,2021-01-20
749,3.145359393954347e-05,Kandy Proper,2021-01-20,2021-01-21
750,9.294210274479908e-05,Kandy Proper,2021-01-21,2021-01-22
751,0.0001226068846769,Kandy Proper,2021-01-22,2021-01-23
752,-2.971229968281951e-05,Kandy Proper,2021-01-23,2021-01-24
753,0.0001621292909546,Kandy Proper,2021-01-24,2021-01-25
754,1.8813652422668293e-05,Kandy Proper,2021-01-25,2021-01-26
755,0.0001542266001816,Kandy Proper,2021-01-26,2021-01-27
756,3.818941598361816e-05,Kandy Proper,2021-01-27,2021-01-28
757,0.0001373520073689,Kandy Proper,2021-01-28,2021-01-29
758,,Kandy Proper,2021-01-29,2021-01-30
759,3.730893602760257e-05,Kandy Proper,2021-01-30,2021-01-31
760,4.774973615060208e-05,Kandy Proper,2021-01-31,2021-02-01
761,,Kandy Proper,2021-02-01,2021-02-02
762,,Kandy Proper,2021-02-02,2021-02-03
763,,Kandy Proper,2021-02-03,2021-02-04
764,7.294355895178421e-05,Kandy Proper,2021-02-04,2021-02-05
765,4.393607376604848e-05,Kandy Proper,2021-02-05,2021-02-06
766,-0.0001015330519101,Kandy Proper,2021-02-06,2021-02-07
767,,Kandy Proper,2021-02-07,2021-02-08
768,,Kandy Proper,2021-02-08,2021-02-09
769,1.089114357400706e-05,Kandy Proper,2021-02-09,2021-02-10
770,0.0002346570156503,Kandy Proper,2021-02-10,2021-02-11
771,0.0001070160232335,Kandy Proper,2021-02-11,2021-02-12
772,0.0001592890219855,Kandy Proper,2021-02-12,2021-02-13
773,0.0001459396689875,Kandy Proper,2021-02-13,2021-02-14
774,,Kandy Proper,2021-02-14,2021-02-15
775,9.212046465180808e-05,Kandy Proper,2021-02-15,2021-02-16
776,0.0001348441946403,Kandy Proper,2021-02-16,2021-02-17
777,0.0002191974876297,Kandy Proper,2021-02-17,2021-02-18
778,0.0001073680324738,Kandy Proper,2021-02-18,2021-02-19
779,9.53919363419844e-05,Kandy Proper,2021-02-19,2021-02-20
780,-1.0934480164319894e-05,Kandy Proper,2021-02-20,2021-02-21
781,8.793830534806351e-06,Kandy Proper,2021-02-21,2021-02-22
782,2.9869225605117377e-05,Kandy Proper,2021-02-22,2021-02-23
783,-0.0001042143113627,Kandy Proper,2021-02-23,2021-02-24
784,0.0001026537832257,Kandy Proper,2021-02-24,2021-02-25
785,0.0001343764897961,Kandy Proper,2021-02-25,2021-02-26
786,0.0002608599585662,Kandy Proper,2021-02-26,2021-02-27
787,0.0001335405067221,Kandy Proper,2021-02-27,2021-02-28
788,0.0002425724268545,Kandy Proper,2021-02-28,2021-03-01
789,7.992640203330773e-05,Kandy Proper,2021-03-01,2021-03-02
790,-3.599695240478734e-05,Kandy Proper,2021-03-02,2021-03-03
791,8.649164993459126e-05,Kandy Proper,2021-03-03,2021-03-04
792,0.0001206183237246,Kandy Proper,2021-03-04,2021-03-05
793,,Kandy Proper,2021-03-05,2021-03-06
794,-3.690479764579448e-05,Kandy Proper,2021-03-06,2021-03-07
795,-0.0001355566343672,Kandy Proper,2021-03-07,2021-03-08
796,,Kandy Proper,2021-03-08,2021-03-09
797,7.39241545383116e-05,Kandy Proper,2021-03-09,2021-03-10
798,,Kandy Proper,2021-03-10,2021-03-11
799,,Kandy Proper,2021-03-11,2021-03-12
800,0.0001846409490839,Kandy Proper,2021-03-12,2021-03-13
801,7.165580708523753e-05,Kandy Proper,2021-03-13,2021-03-14
802,4.587080981322053e-05,Kandy Proper,2021-03-14,2021-03-15
803,0.0001604234982395,Kandy Proper,2021-03-15,2021-03-16
804,0.0001116512745612,Kandy Proper,2021-03-16,2021-03-17
805,0.0002184373705858,Kandy Proper,2021-03-17,2021-03-18
806,,Kandy Proper,2021-03-18,2021-03-19
807,,Kandy Proper,2021-03-19,2021-03-20
808,5.29361510440306e-05,Kandy Proper,2021-03-20,2021-03-21
809,,Kandy Proper,2021-03-21,2021-03-22
810,3.5615203145849084e-05,Kandy Proper,2021-03-22,2021-03-23
811,-3.8821261724315655e-05,Kandy Proper,2021-03-23,2021-03-24
812,,Kandy Proper,2021-03-24,2021-03-25
813,,Kandy Proper,2021-03-25,2021-03-26
814,,Kandy Proper,2021-03-26,2021-03-27
815,,Kandy Proper,2021-03-27,2021-03-28
816,,Kandy Proper,2021-03-28,2021-03-29
817,9.931758477976484e-05,Kandy Proper,2021-03-29,2021-03-30
818,0.0001433846403518,Kandy Proper,2021-03-30,2021-03-31
819,0.0001824855073316,Kandy Proper,2021-03-31,2021-04-01
820,0.0002043831653349,Kandy Proper,2021-04-01,2021-04-02
821,0.0002720721832196,Kandy Proper,2021-04-02,2021-04-03
822,0.0001434290454397,Kandy Proper,2021-04-03,2021-04-04
823,0.000172544406197,Kandy Proper,2021-04-04,2021-04-05
824,0.0002095718762295,Kandy Proper,2021-04-05,2021-04-06
825,0.0002265470356061,Kandy Proper,2021-04-06,2021-04-07
826,4.0168496306063e-05,Kandy Proper,2021-04-07,2021-04-08
827,2.3951690059176277e-06,Kandy Proper,2021-04-08,2021-04-09
828,,Kandy Proper,2021-04-09,2021-04-10
829,,Kandy Proper,2021-04-10,2021-04-11
830,,Kandy Proper,2021-04-11,2021-04-12
831,0.0002138838019435,Kandy Proper,2021-04-12,2021-04-13
832,,Kandy Proper,2021-04-13,2021-04-14
833,,Kandy Proper,2021-04-14,2021-04-15
834,0.0001653614453125,Kandy Proper,2021-04-15,2021-04-16
835,0.0001313988306929,Kandy Proper,2021-04-16,2021-04-17
836,0.0001943704744376,Kandy Proper,2021-04-17,2021-04-18
837,0.0001830978126191,Kandy Proper,2021-04-18,2021-04-19
838,0.0001146385386911,Kandy Proper,2021-04-19,2021-04-20
839,6.728160450488812e-05,Kandy Proper,2021-04-20,2021-04-21
840,0.0001520854247125,Kandy Proper,2021-04-21,2021-04-22
841,0.0002139655834071,Kandy Proper,2021-04-22,2021-04-23
842,0.0001783019318343,Kandy Proper,2021-04-23,2021-04-24
843,0.0001673759895346,Kandy Proper,2021-04-24,2021-04-25
844,,Kandy Proper,2021-04-25,2021-04-26
845,0.000167527448947,Kandy Proper,2021-04-26,2021-04-27
846,0.0002240536613524,Kandy Proper,2021-04-27,2021-04-28
847,0.0001761261917734,Kandy Proper,2021-04-28,2021-04-29
848,,Kandy Proper,2021-04-29,2021-04-30
849,,Kandy Proper,2021-04-30,2021-05-01
850,,Kandy Proper,2021-05-01,2021-05-02
851,,Kandy Proper,2021-05-02,2021-05-03
852,0.0002039166332048,Kandy Proper,2021-05-03,2021-05-04
853,0.0001290007396666,Kandy Proper,2021-05-04,2021-05-05
854,,Kandy Proper,2021-05-05,2021-05-06
855,4.535987753179239e-05,Kandy Proper,2021-05-06,2021-05-07
856,8.260900233832944e-05,Kandy Proper,2021-05-07,2021-05-08
857,,Kandy Proper,2021-05-08,2021-05-09
858,,Kandy Proper,2021-05-09,2021-05-10
859,,Kandy Proper,2021-05-10,2021-05-11
860,8.832209544451476e-05,Kandy Proper,2021-05-11,2021-05-12
861,,Kandy Proper,2021-05-12,2021-05-13
862,,Kandy Proper,2021-05-13,2021-05-14
863,0.0001204302517185,Kandy Proper,2021-05-14,2021-05-15
864,,Kandy Proper,2021-05-15,2021-05-16
865,,Kandy Proper,2021-05-16,2021-05-17
866,8.26365839024178e-05,Kandy Proper,2021-05-17,2021-05-18
867,0.0001262004287793,Kandy Proper,2021-05-18,2021-05-19
868,0.0002514697431589,Kandy Proper,2021-05-19,2021-05-20
869,,Kandy Proper,2021-05-20,2021-05-21
870,,Kandy Proper,2021-05-21,2021-05-22
871,,Kandy Proper,2021-05-22,2021-05-23
872,,Kandy Proper,2021-05-23,2021-05-24
873,,Kandy Proper,2021-05-24,2021-05-25
874,,Kandy Proper,2021-05-25,2021-05-26
875,,Kandy Proper,2021-05-26,2021-05-27
876,,Kandy Proper,2021-05-27,2021-05-28
877,9.259006666023172e-05,Kandy Proper,2021-05-28,2021-05-29
878,,Kandy Proper,2021-05-29,2021-05-30
879,-6.311605132129754e-05,Kandy Proper,2021-05-30,2021-05-31
880,-1.762907155383166e-06,Kandy Proper,2021-05-31,2021-06-01
881,3.041292691775289e-05,Kandy Proper,2021-06-01,2021-06-02
882,1.919217621498204e-05,Kandy Proper,2021-06-02,2021-06-03
883,,Kandy Proper,2021-06-03,2021-06-04
884,,Kandy Proper,2021-06-04,2021-06-05
885,,Kandy Proper,2021-06-05,2021-06-06
886,,Kandy Proper,2021-06-06,2021-06-07
887,,Kandy Proper,2021-06-07,2021-06-08
888,,Kandy Proper,2021-06-08,2021-06-09
889,,Kandy Proper,2021-06-09,2021-06-10
890,0.0001276664442792,Kandy Proper,2021-06-10,2021-06-11
891,-1.1982545903516178e-05,Kandy Proper,2021-06-11,2021-06-12
892,-4.821809128200573e-05,Kandy Proper,2021-06-12,2021-06-13
893,0.0001605557546206,Kandy Proper,2021-06-13,2021-06-14
894,-9.72345880110336e-05,Kandy Proper,2021-06-14,2021-06-15
895,-5.254152661628475e-07,Kandy Proper,2021-06-15,2021-06-16
896,2.3261638402328356e-05,Kandy Proper,2021-06-16,2021-06-17
897,,Kandy Proper,2021-06-17,2021-06-18
898,0.0001119753364585,Kandy Proper,2021-06-18,2021-06-19
899,5.229169217762559e-05,Kandy Proper,2021-06-19,2021-06-20
900,4.1685606433043056e-05,Kandy Proper,2021-06-20,2021-06-21
901,0.0001828546512168,Kandy Proper,2021-06-21,2021-06-22
902,,Kandy Proper,2021-06-22,2021-06-23
903,7.135932592072925e-05,Kandy Proper,2021-06-23,2021-06-24
904,0.0001036070826979,Kandy Proper,2021-06-24,2021-06-25
905,5.581569220675591e-05,Kandy Proper,2021-06-25,2021-06-26
906,,Kandy Proper,2021-06-26,2021-06-27
907,3.405406309894988e-05,Kandy Proper,2021-06-27,2021-06-28
908,7.76649480737224e-05,Kandy Proper,2021-06-28,2021-06-29
909,9.99164678587466e-05,Kandy Proper,2021-06-29,2021-06-30
910,,Kandy Proper,2021-06-30,2021-07-01
911,0.0001121623803096,Kandy Proper,2021-07-01,2021-07-02
912,,Kandy Proper,2021-07-02,2021-07-03
913,,Kandy Proper,2021-07-03,2021-07-04
914,,Kandy Proper,2021-07-04,2021-07-05
915,-0.0001308264179138,Kandy Proper,2021-07-05,2021-07-06
916,-0.0001506456119264,Kandy Proper,2021-07-06,2021-07-07
917,-7.823375594718562e-05,Kandy Proper,2021-07-07,2021-07-08
918,,Kandy Proper,2021-07-08,2021-07-09
919,,Kandy Proper,2021-07-09,2021-07-10
920,,Kandy Proper,2021-07-10,2021-07-11
921,,Kandy Proper,2021-07-11,2021-07-12
922,,Kandy Proper,2021-07-12,2021-07-13
923,0.0002190729926259,Kandy Proper,2021-07-13,2021-07-14
924,,Kandy Proper,2021-07-14,2021-07-15
925,,Kandy Proper,2021-07-15,2021-07-16
926,,Kandy Proper,2021-07-16,2021-07-17
927,,Kandy Proper,2021-07-17,2021-07-18
928,5.928561946938864e-05,Kandy Proper,2021-07-18,2021-07-19
929,,Kandy Proper,2021-07-19,2021-07-20
930,1.810802931280726e-05,Kandy Proper,2021-07-20,2021-07-21
931,,Kandy Proper,2021-07-21,2021-07-22
932,,Kandy Proper,2021-07-22,2021-07-23
933,,Kandy Proper,2021-07-23,2021-07-24
934,,Kandy Proper,2021-07-24,2021-07-25
935,,Kandy Proper,2021-07-25,2021-07-26
936,,Kandy Proper,2021-07-26,2021-07-27
937,-9.997653983236062e-05,Kandy Proper,2021-07-27,2021-07-28
938,,Kandy Proper,2021-07-28,2021-07-29
939,0.0001179200091217,Kandy Proper,2021-07-29,2021-07-30
940,9.754254655108326e-05,Kandy Proper,2021-07-30,2021-07-31
941,9.614297884721344e-05,Kandy Proper,2021-07-31,2021-08-01
942,0.0001970370931996,Kandy Proper,2021-08-01,2021-08-02
943,6.942045801500339e-06,Kandy Proper,2021-08-02,2021-08-03
944,,Kandy Proper,2021-08-03,2021-08-04
945,,Kandy Proper,2021-08-04,2021-08-05
946,,Kandy Proper,2021-08-05,2021-08-06
947,,Kandy Proper,2021-08-06,2021-08-07
948,,Kandy Proper,2021-08-07,2021-08-08
949,,Kandy Proper,2021-08-08,2021-08-09
950,,Kandy Proper,2021-08-09,2021-08-10
951,,Kandy Proper,2021-08-10,2021-08-11
952,,Kandy Proper,2021-08-11,2021-08-12
953,,Kandy Proper,2021-08-12,2021-08-13
954,0.0001127151143239,Kandy Proper,2021-08-13,2021-08-14
955,,Kandy Proper,2021-08-14,2021-08-15
956,0.0002199493053769,Kandy Proper,2021-08-15,2021-08-16
957,,Kandy Proper,2021-08-16,2021-08-17
958,,Kandy Proper,2021-08-17,2021-08-18
959,,Kandy Proper,2021-08-18,2021-08-19
960,0.000156432476958,Kandy Proper,2021-08-19,2021-08-20
961,2.81577953574829e-05,Kandy Proper,2021-08-20,2021-08-21
962,-3.1855401210451254e-05,Kandy Proper,2021-08-21,2021-08-22
963,,Kandy Proper,2021-08-22,2021-08-23
964,0.0001024110022981,Kandy Proper,2021-08-23,2021-08-24
965,0.0001218736027717,Kandy Proper,2021-08-24,2021-08-25
966,6.436261118345511e-05,Kandy Proper,2021-08-25,2021-08-26
967,,Kandy Proper,2021-08-26,2021-08-27
968,,Kandy Proper,2021-08-27,2021-08-28
969,,Kandy Proper,2021-08-28,2021-08-29
970,,Kandy Proper,2021-08-29,2021-08-30
971,,Kandy Proper,2021-08-30,2021-08-31
972,,Kandy Proper,2021-08-31,2021-09-01
973,,Kandy Proper,2021-09-01,2021-09-02
974,,Kandy Proper,2021-09-02,2021-09-03
975,,Kandy Proper,2021-09-03,2021-09-04
976,,Kandy Proper,2021-09-04,2021-09-05
977,,Kandy Proper,2021-09-05,2021-09-06
978,,Kandy Proper,2021-09-06,2021-09-07
979,7.159205525252496e-05,Kandy Proper,2021-09-07,2021-09-08
980,9.048562254009844e-05,Kandy Proper,2021-09-08,2021-09-09
981,0.0001090482831114,Kandy Proper,2021-09-09,2021-09-10
982,7.098002232373875e-06,Kandy Proper,2021-09-10,2021-09-11
983,,Kandy Proper,2021-09-11,2021-09-12
984,4.275555503242512e-05,Kandy Proper,2021-09-12,2021-09-13
985,4.893388501282747e-05,Kandy Proper,2021-09-13,2021-09-14
986,-2.315211989834928e-05,Kandy Proper,2021-09-14,2021-09-15
987,7.601569915146565e-05,Kandy Proper,2021-09-15,2021-09-16
988,,Kandy Proper,2021-09-16,2021-09-17
989,,Kandy Proper,2021-09-17,2021-09-18
990,-4.5702171118002286e-05,Kandy Proper,2021-09-18,2021-09-19
991,8.084368164549142e-05,Kandy Proper,2021-09-19,2021-09-20
992,,Kandy Proper,2021-09-20,2021-09-21
993,,Kandy Proper,2021-09-21,2021-09-22
994,5.0895692286337854e-05,Kandy Proper,2021-09-22,2021-09-23
995,8.825533327482998e-05,Kandy Proper,2021-09-23,2021-09-24
996,5.765859451744939e-05,Kandy Proper,2021-09-24,2021-09-25
997,,Kandy Proper,2021-09-25,2021-09-26
998,,Kandy Proper,2021-09-26,2021-09-27
999,5.628115463429397e-07,Kandy Proper,2021-09-27,2021-09-28
1000,,Kandy Proper,2021-09-28,2021-09-29
1001,3.218808687797956e-05,Kandy Proper,2021-09-29,2021-09-30
1002,,Kandy Proper,2021-09-30,2021-10-01
1003,,Kandy Proper,2021-10-01,2021-10-02
1004,,Kandy Proper,2021-10-02,2021-10-03
1005,,Kandy Proper,2021-10-03,2021-10-04
1006,,Kandy Proper,2021-10-04,2021-10-05
1007,,Kandy Proper,2021-10-05,2021-10-06
1008,-5.173586033247608e-05,Kandy Proper,2021-10-06,2021-10-07
1009,4.043535659191621e-05,Kandy Proper,2021-10-07,2021-10-08
1010,8.591428424336525e-05,Kandy Proper,2021-10-08,2021-10-09
1011,,Kandy Proper,2021-10-09,2021-10-10
1012,,Kandy Proper,2021-10-10,2021-10-11
1013,,Kandy Proper,2021-10-11,2021-10-12
1014,,Kandy Proper,2021-10-12,2021-10-13
1015,0.0001019035231799,Kandy Proper,2021-10-13,2021-10-14
1016,0.000123224161409,Kandy Proper,2021-10-14,2021-10-15
1017,7.03454945488052e-05,Kandy Proper,2021-10-15,2021-10-16
1018,,Kandy Proper,2021-10-16,2021-10-17
1019,,Kandy Proper,2021-10-17,2021-10-18
1020,-1.2495936865676697e-05,Kandy Proper,2021-10-18,2021-10-19
1021,9.904008688817004e-05,Kandy Proper,2021-10-19,2021-10-20
1022,,Kandy Proper,2021-10-20,2021-10-21
1023,,Kandy Proper,2021-10-21,2021-10-22
1024,0.0001728092800978,Kandy Proper,2021-10-22,2021-10-23
1025,,Kandy Proper,2021-10-23,2021-10-24
1026,8.202783074228405e-05,Kandy Proper,2021-10-24,2021-10-25
1027,,Kandy Proper,2021-10-25,2021-10-26
1028,0.0001697212268253,Kandy Proper,2021-10-26,2021-10-27
1029,,Kandy Proper,2021-10-27,2021-10-28
1030,,Kandy Proper,2021-10-28,2021-10-29
1031,,Kandy Proper,2021-10-29,2021-10-30
1032,,Kandy Proper,2021-10-30,2021-10-31
1033,0.0002133346232627,Kandy Proper,2021-10-31,2021-11-01
1034,,Kandy Proper,2021-11-01,2021-11-02
1035,0.0001165262866341,Kandy Proper,2021-11-02,2021-11-03
1036,,Kandy Proper,2021-11-03,2021-11-04
1037,,Kandy Proper,2021-11-04,2021-11-05
1038,,Kandy Proper,2021-11-05,2021-11-06
1039,,Kandy Proper,2021-11-06,2021-11-07
1040,,Kandy Proper,2021-11-07,2021-11-08
1041,,Kandy Proper,2021-11-08,2021-11-09
1042,,Kandy Proper,2021-11-09,2021-11-10
1043,,Kandy Proper,2021-11-10,2021-11-11
1044,0.0001214412403118,Kandy Proper,2021-11-11,2021-11-12
1045,,Kandy Proper,2021-11-12,2021-11-13
1046,,Kandy Proper,2021-11-13,2021-11-14
1047,,Kandy Proper,2021-11-14,2021-11-15
1048,,Kandy Proper,2021-11-15,2021-11-16
1049,,Kandy Proper,2021-11-16,2021-11-17
1050,,Kandy Proper,2021-11-17,2021-11-18
1051,,Kandy Proper,2021-11-18,2021-11-19
1052,,Kandy Proper,2021-11-19,2021-11-20
1053,3.298007044692261e-05,Kandy Proper,2021-11-20,2021-11-21
1054,0.0001151159762672,Kandy Proper,2021-11-21,2021-11-22
1055,0.0002308870971422,Kandy Proper,2021-11-22,2021-11-23
1056,,Kandy Proper,2021-11-23,2021-11-24
1057,,Kandy Proper,2021-11-24,2021-11-25
1058,,Kandy Proper,2021-11-25,2021-11-26
1059,0.0001793772023579,Kandy Proper,2021-11-26,2021-11-27
1060,6.046175994727861e-05,Kandy Proper,2021-11-27,2021-11-28
1061,,Kandy Proper,2021-11-28,2021-11-29
1062,,Kandy Proper,2021-11-29,2021-11-30
1063,,Kandy Proper,2021-11-30,2021-12-01
1064,4.437957062913551e-06,Kandy Proper,2021-12-01,2021-12-02
1065,4.800358551893512e-05,Kandy Proper,2021-12-02,2021-12-03
1066,0.000153336875422,Kandy Proper,2021-12-03,2021-12-04
1067,0.0001414972986159,Kandy Proper,2021-12-04,2021-12-05
1068,,Kandy Proper,2021-12-05,2021-12-06
1069,,Kandy Proper,2021-12-06,2021-12-07
1070,0.0001626060152681,Kandy Proper,2021-12-07,2021-12-08
1071,7.612153321777504e-05,Kandy Proper,2021-12-08,2021-12-09
1072,4.054230469422604e-05,Kandy Proper,2021-12-09,2021-12-10
1073,7.154467753442222e-05,Kandy Proper,2021-12-10,2021-12-11
1074,4.934669107873211e-05,Kandy Proper,2021-12-11,2021-12-12
1075,5.630749428469005e-05,Kandy Proper,2021-12-12,2021-12-13
1076,,Kandy Proper,2021-12-13,2021-12-14
1077,-1.2234633592206546e-05,Kandy Proper,2021-12-14,2021-12-15
1078,,Kandy Proper,2021-12-15,2021-12-16
1079,0.0001485441603136,Kandy Proper,2021-12-16,2021-12-17
1080,3.504236507351786e-05,Kandy Proper,2021-12-17,2021-12-18
1081,-6.488176666242177e-05,Kandy Proper,2021-12-18,2021-12-19
1082,4.202163331904431e-05,Kandy Proper,2021-12-19,2021-12-20
1083,0.000195268265968,Kandy Proper,2021-12-20,2021-12-21
1084,-4.028889840974972e-05,Kandy Proper,2021-12-21,2021-12-22
1085,-2.8835155644793804e-05,Kandy Proper,2021-12-22,2021-12-23
1086,0.000159647670899,Kandy Proper,2021-12-23,2021-12-24
1087,0.0001121602084071,Kandy Proper,2021-12-24,2021-12-25
1088,9.792571224075384e-05,Kandy Proper,2021-12-25,2021-12-26
1089,3.10034295700588e-05,Kandy Proper,2021-12-26,2021-12-27
1090,9.135317457448303e-05,Kandy Proper,2021-12-27,2021-12-28
1091,0.0001703249644971,Kandy Proper,2021-12-28,2021-12-29
1092,4.462642397080864e-05,Kandy Proper,2021-12-29,2021-12-30
1093,,Kandy Proper,2021-12-30,2021-12-31
1094,,Kandy Proper,2021-12-31,2022-01-01
1095,4.9966700099838905e-06,Kandy Proper,2022-01-01,2022-01-02
1096,,Kandy Proper,2022-01-02,2022-01-03
1097,,Kandy Proper,2022-01-03,2022-01-04
1098,,Kandy Proper,2022-01-04,2022-01-05
1099,,Kandy Proper,2022-01-05,2022-01-06
1100,-2.511242044249343e-05,Kandy Proper,2022-01-06,2022-01-07
1101,5.1984316101354585e-06,Kandy Proper,2022-01-07,2022-01-08
1102,,Kandy Proper,2022-01-08,2022-01-09
1103,8.417588657104886e-05,Kandy Proper,2022-01-09,2022-01-10
1104,,Kandy Proper,2022-01-10,2022-01-11
1105,,Kandy Proper,2022-01-11,2022-01-12
1106,-1.2208306644869587e-05,Kandy Proper,2022-01-12,2022-01-13
1107,0.0001002536436115,Kandy Proper,2022-01-13,2022-01-14
1108,0.0002656339315317,Kandy Proper,2022-01-14,2022-01-15
1109,0.000142657704721,Kandy Proper,2022-01-15,2022-01-16
1110,5.873748507544971e-05,Kandy Proper,2022-01-16,2022-01-17
1111,8.73123469209982e-05,Kandy Proper,2022-01-17,2022-01-18
1112,-8.121993178601313e-05,Kandy Proper,2022-01-18,2022-01-19
1113,8.812047958670396e-05,Kandy Proper,2022-01-19,2022-01-20
1114,0.0002752204088063,Kandy Proper,2022-01-20,2022-01-21
1115,-5.9145160006379786e-05,Kandy Proper,2022-01-21,2022-01-22
1116,0.0001013124199369,Kandy Proper,2022-01-22,2022-01-23
1117,0.000331935246258,Kandy Proper,2022-01-23,2022-01-24
1118,0.0001298011680869,Kandy Proper,2022-01-24,2022-01-25
1119,0.0001910123589885,Kandy Proper,2022-01-25,2022-01-26
1120,0.0002044419890332,Kandy Proper,2022-01-26,2022-01-27
1121,0.0001786672312097,Kandy Proper,2022-01-27,2022-01-28
1122,1.7565147757184226e-05,Kandy Proper,2022-01-28,2022-01-29
1123,,Kandy Proper,2022-01-29,2022-01-30
1124,0.0001968893243701,Kandy Proper,2022-01-30,2022-01-31
1125,-1.884458100773781e-05,Kandy Proper,2022-01-31,2022-02-01
1126,0.0002145448953306,Kandy Proper,2022-02-01,2022-02-02
1127,0.0001422652264061,Kandy Proper,2022-02-02,2022-02-03
1128,0.000107297556289,Kandy Proper,2022-02-03,2022-02-04
1129,0.0001853171897629,Kandy Proper,2022-02-04,2022-02-05
1130,0.0003087972644399,Kandy Proper,2022-02-05,2022-02-06
1131,0.0001812367170953,Kandy Proper,2022-02-06,2022-02-07
1132,,Kandy Proper,2022-02-07,2022-02-08
1133,0.0001996868394506,Kandy Proper,2022-02-08,2022-02-09
1134,0.0001195042474715,Kandy Proper,2022-02-09,2022-02-10
1135,,Kandy Proper,2022-02-10,2022-02-11
1136,,Kandy Proper,2022-02-11,2022-02-12
1137,,Kandy Proper,2022-02-12,2022-02-13
1138,,Kandy Proper,2022-02-13,2022-02-14
1139,,Kandy Proper,2022-02-14,2022-02-15
1140,0.0001610389757451,Kandy Proper,2022-02-15,2022-02-16
1141,9.24380731373748e-05,Kandy Proper,2022-02-16,2022-02-17
1142,9.926161818401754e-05,Kandy Proper,2022-02-17,2022-02-18
1143,7.641624307470651e-06,Kandy Proper,2022-02-18,2022-02-19
1144,,Kandy Proper,2022-02-19,2022-02-20
1145,0.0001264696371665,Kandy Proper,2022-02-20,2022-02-21
1146,0.0001450714465107,Kandy Proper,2022-02-21,2022-02-22
1147,0.0002316554418008,Kandy Proper,2022-02-22,2022-02-23
1148,1.9648288549225728e-05,Kandy Proper,2022-02-23,2022-02-24
1149,-5.498078483761552e-05,Kandy Proper,2022-02-24,2022-02-25
1150,6.607650560754945e-05,Kandy Proper,2022-02-25,2022-02-26
1151,-3.29369404906108e-05,Kandy Proper,2022-02-26,2022-02-27
1152,0.0001042020127392,Kandy Proper,2022-02-27,2022-02-28
1153,7.176631242896976e-05,Kandy Proper,2022-02-28,2022-03-01
1154,0.000249221844734,Kandy Proper,2022-03-01,2022-03-02
1155,,Kandy Proper,2022-03-02,2022-03-03
1156,,Kandy Proper,2022-03-03,2022-03-04
1157,,Kandy Proper,2022-03-04,2022-03-05
1158,,Kandy Proper,2022-03-05,2022-03-06
1159,6.22072730764337e-05,Kandy Proper,2022-03-06,2022-03-07
1160,0.0001160437292175,Kandy Proper,2022-03-07,2022-03-08
1161,8.209178762127623e-05,Kandy Proper,2022-03-08,2022-03-09
1162,0.0001078555618999,Kandy Proper,2022-03-09,2022-03-10
1163,4.7371843179880217e-05,Kandy Proper,2022-03-10,2022-03-11
1164,0.0001249777412899,Kandy Proper,2022-03-11,2022-03-12
1165,,Kandy Proper,2022-03-12,2022-03-13
1166,2.6190924408347685e-05,Kandy Proper,2022-03-13,2022-03-14
1167,0.000173784056329,Kandy Proper,2022-03-14,2022-03-15
1168,0.0002516989931757,Kandy Proper,2022-03-15,2022-03-16
1169,,Kandy Proper,2022-03-16,2022-03-17
1170,,Kandy Proper,2022-03-17,2022-03-18
1171,8.228346580453299e-05,Kandy Proper,2022-03-18,2022-03-19
1172,0.0001192729158273,Kandy Proper,2022-03-19,2022-03-20
1173,6.50170912256107e-05,Kandy Proper,2022-03-20,2022-03-21
1174,0.0001138238440273,Kandy Proper,2022-03-21,2022-03-22
1175,0.0001394118962159,Kandy Proper,2022-03-22,2022-03-23
1176,,Kandy Proper,2022-03-23,2022-03-24
1177,0.0001151436945598,Kandy Proper,2022-03-24,2022-03-25
1178,0.0002069335624228,Kandy Proper,2022-03-25,2022-03-26
1179,,Kandy Proper,2022-03-26,2022-03-27
1180,3.075582941611868e-05,Kandy Proper,2022-03-27,2022-03-28
1181,5.429734714904007e-05,Kandy Proper,2022-03-28,2022-03-29
1182,4.450475406333421e-05,Kandy Proper,2022-03-29,2022-03-30
1183,0.0001232975519986,Kandy Proper,2022-03-30,2022-03-31
1184,0.0001058570383615,Kandy Proper,2022-03-31,2022-04-01
1185,0.0001309678650068,Kandy Proper,2022-04-01,2022-04-02
1186,6.837315634981946e-05,Kandy Proper,2022-04-02,2022-04-03
1187,,Kandy Proper,2022-04-03,2022-04-04
1188,0.0001386188312867,Kandy Proper,2022-04-04,2022-04-05
1189,0.0002472507686639,Kandy Proper,2022-04-05,2022-04-06
1190,,Kandy Proper,2022-04-06,2022-04-07
1191,,Kandy Proper,2022-04-07,2022-04-08
1192,,Kandy Proper,2022-04-08,2022-04-09
1193,,Kandy Proper,2022-04-09,2022-04-10
1194,,Kandy Proper,2022-04-10,2022-04-11
1195,-2.459883761831389e-06,Kandy Proper,2022-04-11,2022-04-12
1196,,Kandy Proper,2022-04-12,2022-04-13
1197,,Kandy Proper,2022-04-13,2022-04-14
1198,0.0001801683326625,Kandy Proper,2022-04-14,2022-04-15
1199,9.70340040849284e-05,Kandy Proper,2022-04-15,2022-04-16
1200,2.5521323015017635e-05,Kandy Proper,2022-04-16,2022-04-17
1201,,Kandy Proper,2022-04-17,2022-04-18
1202,7.79996695889472e-05,Kandy Proper,2022-04-18,2022-04-19
1203,2.937012156792997e-05,Kandy Proper,2022-04-19,2022-04-20
1204,0.0001836508744656,Kandy Proper,2022-04-20,2022-04-21
1205,0.0001550303494221,Kandy Proper,2022-04-21,2022-04-22
1206,,Kandy Proper,2022-04-22,2022-04-23
1207,,Kandy Proper,2022-04-23,2022-04-24
1208,,Kandy Proper,2022-04-24,2022-04-25
1209,0.0001553047022782,Kandy Proper,2022-04-25,2022-04-26
1210,0.0001604366123774,Kandy Proper,2022-04-26,2022-04-27
1211,,Kandy Proper,2022-04-27,2022-04-28
1212,,Kandy Proper,2022-04-28,2022-04-29
1213,,Kandy Proper,2022-04-29,2022-04-30
1214,0.0001447513674575,Kandy Proper,2022-04-30,2022-05-01
1215,0.0001062949377101,Kandy Proper,2022-05-01,2022-05-02
1216,0.000200548023508,Kandy Proper,2022-05-02,2022-05-03
1217,,Kandy Proper,2022-05-03,2022-05-04
1218,0.0001346894780538,Kandy Proper,2022-05-04,2022-05-05
1219,,Kandy Proper,2022-05-05,2022-05-06
1220,0.0002187177096649,Kandy Proper,2022-05-06,2022-05-07
1221,0.0001623393419179,Kandy Proper,2022-05-07,2022-05-08
1222,,Kandy Proper,2022-05-08,2022-05-09
1223,,Kandy Proper,2022-05-09,2022-05-10
1224,,Kandy Proper,2022-05-10,2022-05-11
1225,,Kandy Proper,2022-05-11,2022-05-12
1226,3.240961393989184e-06,Kandy Proper,2022-05-12,2022-05-13
1227,,Kandy Proper,2022-05-13,2022-05-14
1228,,Kandy Proper,2022-05-14,2022-05-15
1229,,Kandy Proper,2022-05-15,2022-05-16
1230,,Kandy Proper,2022-05-16,2022-05-17
1231,,Kandy Proper,2022-05-17,2022-05-18
1232,,Kandy Proper,2022-05-18,2022-05-19
1233,,Kandy Proper,2022-05-19,2022-05-20
1234,-0.0001095314939599,Kandy Proper,2022-05-20,2022-05-21
1235,,Kandy Proper,2022-05-21,2022-05-22
1236,0.000119997508235,Kandy Proper,2022-05-22,2022-05-23
1237,0.0001704588214359,Kandy Proper,2022-05-23,2022-05-24
1238,,Kandy Proper,2022-05-24,2022-05-25
1239,,Kandy Proper,2022-05-25,2022-05-26
1240,6.731434027817508e-05,Kandy Proper,2022-05-26,2022-05-27
1241,8.33281159090101e-05,Kandy Proper,2022-05-27,2022-05-28
1242,,Kandy Proper,2022-05-28,2022-05-29
1243,,Kandy Proper,2022-05-29,2022-05-30
1244,,Kandy Proper,2022-05-30,2022-05-31
1245,,Kandy Proper,2022-05-31,2022-06-01
1246,,Kandy Proper,2022-06-01,2022-06-02
1247,3.758274860259792e-05,Kandy Proper,2022-06-02,2022-06-03
1248,0.000131712337687,Kandy Proper,2022-06-03,2022-06-04
1249,,Kandy Proper,2022-06-04,2022-06-05
1250,8.521985695564863e-05,Kandy Proper,2022-06-05,2022-06-06
1251,,Kandy Proper,2022-06-06,2022-06-07
1252,,Kandy Proper,2022-06-07,2022-06-08
1253,9.537965694244272e-05,Kandy Proper,2022-06-08,2022-06-09
1254,,Kandy Proper,2022-06-09,2022-06-10
1255,-1.4887534724441734e-05,Kandy Proper,2022-06-10,2022-06-11
1256,,Kandy Proper,2022-06-11,2022-06-12
1257,,Kandy Proper,2022-06-12,2022-06-13
1258,9.897744115925576e-05,Kandy Proper,2022-06-13,2022-06-14
1259,0.0001011520868202,Kandy Proper,2022-06-14,2022-06-15
1260,,Kandy Proper,2022-06-15,2022-06-16
1261,,Kandy Proper,2022-06-16,2022-06-17
1262,0.0002994993971203,Kandy Proper,2022-06-17,2022-06-18
1263,0.0001203892482714,Kandy Proper,2022-06-18,2022-06-19
1264,0.0001648184344187,Kandy Proper,2022-06-19,2022-06-20
1265,,Kandy Proper,2022-06-20,2022-06-21
1266,0.0001013778399473,Kandy Proper,2022-06-21,2022-06-22
1267,,Kandy Proper,2022-06-22,2022-06-23
1268,,Kandy Proper,2022-06-23,2022-06-24
1269,,Kandy Proper,2022-06-24,2022-06-25
1270,1.4930432570178334e-05,Kandy Proper,2022-06-25,2022-06-26
1271,7.057031359484082e-05,Kandy Proper,2022-06-26,2022-06-27
1272,3.0247450545488213e-05,Kandy Proper,2022-06-27,2022-06-28
1273,0.0001242074475703,Kandy Proper,2022-06-28,2022-06-29
1274,5.741720247340424e-05,Kandy Proper,2022-06-29,2022-06-30
1275,,Kandy Proper,2022-06-30,2022-07-01
1276,3.7988083591324105e-05,Kandy Proper,2022-07-01,2022-07-02
1277,7.67166932771911e-05,Kandy Proper,2022-07-02,2022-07-03
1278,,Kandy Proper,2022-07-03,2022-07-04
1279,,Kandy Proper,2022-07-04,2022-07-05
1280,,Kandy Proper,2022-07-05,2022-07-06
1281,,Kandy Proper,2022-07-06,2022-07-07
1282,,Kandy Proper,2022-07-07,2022-07-08
1283,2.5053031226636987e-05,Kandy Proper,2022-07-08,2022-07-09
1284,,Kandy Proper,2022-07-09,2022-07-10
1285,,Kandy Proper,2022-07-10,2022-07-11
1286,,Kandy Proper,2022-07-11,2022-07-12
1287,,Kandy Proper,2022-07-12,2022-07-13
1288,,Kandy Proper,2022-07-13,2022-07-14
1289,,Kandy Proper,2022-07-14,2022-07-15
1290,,Kandy Proper,2022-07-15,2022-07-16
1291,,Kandy Proper,2022-07-16,2022-07-17
1292,,Kandy Proper,2022-07-17,2022-07-18
1293,,Kandy Proper,2022-07-18,2022-07-19
1294,,Kandy Proper,2022-07-19,2022-07-20
1295,8.740547201422464e-05,Kandy Proper,2022-07-20,2022-07-21
1296,,Kandy Proper,2022-07-21,2022-07-22
1297,,Kandy Proper,2022-07-22,2022-07-23
1298,,Kandy Proper,2022-07-23,2022-07-24
1299,,Kandy Proper,2022-07-24,2022-07-25
1300,0.000182747877898,Kandy Proper,2022-07-25,2022-07-26
1301,0.0002296677084993,Kandy Proper,2022-07-26,2022-07-27
1302,,Kandy Proper,2022-07-27,2022-07-28
1303,,Kandy Proper,2022-07-28,2022-07-29
1304,,Kandy Proper,2022-07-29,2022-07-30
1305,5.989757943210389e-05,Kandy Proper,2022-07-30,2022-07-31
1306,5.25808307968791e-05,Kandy Proper,2022-07-31,2022-08-01
1307,,Kandy Proper,2022-08-01,2022-08-02
1308,,Kandy Proper,2022-08-02,2022-08-03
1309,,Kandy Proper,2022-08-03,2022-08-04
1310,,Kandy Proper,2022-08-04,2022-08-05
1311,,Kandy Proper,2022-08-05,2022-08-06
1312,,Kandy Proper,2022-08-06,2022-08-07
1313,,Kandy Proper,2022-08-07,2022-08-08
1314,,Kandy Proper,2022-08-08,2022-08-09
1315,,Kandy Proper,2022-08-09,2022-08-10
1316,6.900941489233973e-05,Kandy Proper,2022-08-10,2022-08-11
1317,0.000143050885929,Kandy Proper,2022-08-11,2022-08-12
1318,,Kandy Proper,2022-08-12,2022-08-13
1319,6.363842161222554e-05,Kandy Proper,2022-08-13,2022-08-14
1320,0.0001222005438179,Kandy Proper,2022-08-14,2022-08-15
1321,-6.560548180620447e-06,Kandy Proper,2022-08-15,2022-08-16
1322,,Kandy Proper,2022-08-16,2022-08-17
1323,0.000158312296412,Kandy Proper,2022-08-17,2022-08-18
1324,8.000178487283043e-05,Kandy Proper,2022-08-18,2022-08-19
1325,6.476015299924437e-05,Kandy Proper,2022-08-19,2022-08-20
1326,0.0001351622236952,Kandy Proper,2022-08-20,2022-08-21
1327,0.0001275546579669,Kandy Proper,2022-08-21,2022-08-22
1328,,Kandy Proper,2022-08-22,2022-08-23
1329,,Kandy Proper,2022-08-23,2022-08-24
1330,,Kandy Proper,2022-08-24,2022-08-25
1331,,Kandy Proper,2022-08-25,2022-08-26
1332,,Kandy Proper,2022-08-26,2022-08-27
1333,,Kandy Proper,2022-08-27,2022-08-28
1334,,Kandy Proper,2022-08-28,2022-08-29
1335,,Kandy Proper,2022-08-29,2022-08-30
1336,,Kandy Proper,2022-08-30,2022-08-31
1337,,Kandy Proper,2022-08-31,2022-09-01
1338,,Kandy Proper,2022-09-01,2022-09-02
1339,1.4610784981298888e-05,Kandy Proper,2022-09-02,2022-09-03
1340,,Kandy Proper,2022-09-03,2022-09-04
1341,5.920536512008881e-05,Kandy Proper,2022-09-04,2022-09-05
1342,,Kandy Proper,2022-09-05,2022-09-06
1343,,Kandy Proper,2022-09-06,2022-09-07
1344,,Kandy Proper,2022-09-07,2022-09-08
1345,,Kandy Proper,2022-09-08,2022-09-09
1346,,Kandy Proper,2022-09-09,2022-09-10
1347,9.48696110130364e-05,Kandy Proper,2022-09-10,2022-09-11
1348,5.647265140470304e-05,Kandy Proper,2022-09-11,2022-09-12
1349,0.0001120775767863,Kandy Proper,2022-09-12,2022-09-13
1350,0.000144099705383,Kandy Proper,2022-09-13,2022-09-14
1351,5.543215120198064e-05,Kandy Proper,2022-09-14,2022-09-15
1352,8.114659713212203e-05,Kandy Proper,2022-09-15,2022-09-16
1353,0.0001036825161307,Kandy Proper,2022-09-16,2022-09-17
1354,0.0001083194077841,Kandy Proper,2022-09-17,2022-09-18
1355,8.659447465188846e-05,Kandy Proper,2022-09-18,2022-09-19
1356,,Kandy Proper,2022-09-19,2022-09-20
1357,,Kandy Proper,2022-09-20,2022-09-21
1358,2.720126382187544e-05,Kandy Proper,2022-09-21,2022-09-22
1359,0.0001859294879801,Kandy Proper,2022-09-22,2022-09-23
1360,-4.21289315108277e-05,Kandy Proper,2022-09-23,2022-09-24
1361,4.458525811295027e-05,Kandy Proper,2022-09-24,2022-09-25
1362,8.619025447911603e-05,Kandy Proper,2022-09-25,2022-09-26
1363,3.167562422901484e-05,Kandy Proper,2022-09-26,2022-09-27
1364,0.0001794275025335,Kandy Proper,2022-09-27,2022-09-28
1365,5.399249131210032e-05,Kandy Proper,2022-09-28,2022-09-29
1366,,Kandy Proper,2022-09-29,2022-09-30
1367,,Kandy Proper,2022-09-30,2022-10-01
1368,,Kandy Proper,2022-10-01,2022-10-02
1369,,Kandy Proper,2022-10-02,2022-10-03
1370,,Kandy Proper,2022-10-03,2022-10-04
1371,0.000187243790495,Kandy Proper,2022-10-04,2022-10-05
1372,,Kandy Proper,2022-10-05,2022-10-06
1373,,Kandy Proper,2022-10-06,2022-10-07
1374,,Kandy Proper,2022-10-07,2022-10-08
1375,0.0002638224248096,Kandy Proper,2022-10-08,2022-10-09
1376,,Kandy Proper,2022-10-09,2022-10-10
1377,,Kandy Proper,2022-10-10,2022-10-11
1378,,Kandy Proper,2022-10-11,2022-10-12
1379,,Kandy Proper,2022-10-12,2022-10-13
1380,,Kandy Proper,2022-10-13,2022-10-14
1381,,Kandy Proper,2022-10-14,2022-10-15
1382,,Kandy Proper,2022-10-15,2022-10-16
1383,0.0001528962601799,Kandy Proper,2022-10-16,2022-10-17
1384,,Kandy Proper,2022-10-17,2022-10-18
1385,,Kandy Proper,2022-10-18,2022-10-19
1386,,Kandy Proper,2022-10-19,2022-10-20
1387,,Kandy Proper,2022-10-20,2022-10-21
1388,,Kandy Proper,2022-10-21,2022-10-22
1389,,Kandy Proper,2022-10-22,2022-10-23
1390,,Kandy Proper,2022-10-23,2022-10-24
1391,6.765580954619091e-05,Kandy Proper,2022-10-24,2022-10-25
1392,,Kandy Proper,2022-10-25,2022-10-26
1393,,Kandy Proper,2022-10-26,2022-10-27
1394,,Kandy Proper,2022-10-27,2022-10-28
1395,0.0001125247876184,Kandy Proper,2022-10-28,2022-10-29
1396,0.0001339018031976,Kandy Proper,2022-10-29,2022-10-30
1397,,Kandy Proper,2022-10-30,2022-10-31
1398,-1.7284497626648424e-05,Kandy Proper,2022-10-31,2022-11-01
1399,,Kandy Proper,2022-11-01,2022-11-02
1400,,Kandy Proper,2022-11-02,2022-11-03
1401,,Kandy Proper,2022-11-03,2022-11-04
1402,0.0001050868641847,Kandy Proper,2022-11-04,2022-11-05
1403,,Kandy Proper,2022-11-05,2022-11-06
1404,1.7410017318816846e-05,Kandy Proper,2022-11-06,2022-11-07
1405,0.0001501666835968,Kandy Proper,2022-11-07,2022-11-08
1406,,Kandy Proper,2022-11-08,2022-11-09
1407,,Kandy Proper,2022-11-09,2022-11-10
1408,,Kandy Proper,2022-11-10,2022-11-11
1409,,Kandy Proper,2022-11-11,2022-11-12
1410,,Kandy Proper,2022-11-12,2022-11-13
1411,,Kandy Proper,2022-11-13,2022-11-14
1412,,Kandy Proper,2022-11-14,2022-11-15
1413,,Kandy Proper,2022-11-15,2022-11-16
1414,-4.848424678579561e-06,Kandy Proper,2022-11-16,2022-11-17
1415,0.0002613757233865,Kandy Proper,2022-11-17,2022-11-18
1416,0.0001217589147657,Kandy Proper,2022-11-18,2022-11-19
1417,,Kandy Proper,2022-11-19,2022-11-20
1418,0.0002367085434052,Kandy Proper,2022-11-20,2022-11-21
1419,0.0001576058714412,Kandy Proper,2022-11-21,2022-11-22
1420,2.6063626077209652e-05,Kandy Proper,2022-11-22,2022-11-23
1421,5.024561867406121e-05,Kandy Proper,2022-11-23,2022-11-24
1422,0.0001550408164533,Kandy Proper,2022-11-24,2022-11-25
1423,0.0001443132069255,Kandy Proper,2022-11-25,2022-11-26
1424,0.0001694889590815,Kandy Proper,2022-11-26,2022-11-27
1425,5.863264128898527e-05,Kandy Proper,2022-11-27,2022-11-28
1426,8.851054144490312e-05,Kandy Proper,2022-11-28,2022-11-29
1427,0.0001473574386245,Kandy Proper,2022-11-29,2022-11-30
1428,0.0001480657307094,Kandy Proper,2022-11-30,2022-12-01
1429,0.0001796278417775,Kandy Proper,2022-12-01,2022-12-02
1430,0.0001847625662604,Kandy Proper,2022-12-02,2022-12-03
1431,,Kandy Proper,2022-12-03,2022-12-04
1432,,Kandy Proper,2022-12-04,2022-12-05
1433,,Kandy Proper,2022-12-05,2022-12-06
1434,,Kandy Proper,2022-12-06,2022-12-07
1435,,Kandy Proper,2022-12-07,2022-12-08
1436,,Kandy Proper,2022-12-08,2022-12-09
1437,,Kandy Proper,2022-12-09,2022-12-10
1438,,Kandy Proper,2022-12-10,2022-12-11
1439,0.0002677186174822,Kandy Proper,2022-12-11,2022-12-12
1440,,Kandy Proper,2022-12-12,2022-12-13
1441,4.861756950785546e-05,Kandy Proper,2022-12-13,2022-12-14
1442,,Kandy Proper,2022-12-14,2022-12-15
1443,1.3894715415703593e-05,Kandy Proper,2022-12-15,2022-12-16
1444,,Kandy Proper,2022-12-16,2022-12-17
1445,,Kandy Proper,2022-12-17,2022-12-18
1446,,Kandy Proper,2022-12-18,2022-12-19
1447,,Kandy Proper,2022-12-19,2022-12-20
1448,,Kandy Proper,2022-12-20,2022-12-21
1449,,Kandy Proper,2022-12-21,2022-12-22
1450,,Kandy Proper,2022-12-22,2022-12-23
1451,,Kandy Proper,2022-12-23,2022-12-24
1452,,Kandy Proper,2022-12-24,2022-12-25
1453,,Kandy Proper,2022-12-25,2022-12-26
1454,,Kandy Proper,2022-12-26,2022-12-27
1455,6.886013227348209e-05,Kandy Proper,2022-12-27,2022-12-28
1456,-5.460778700422602e-05,Kandy Proper,2022-12-28,2022-12-29
1457,1.937003064765869e-05,Kandy Proper,2022-12-29,2022-12-30
1458,1.6676132059583622e-06,Kandy Proper,2022-12-30,2022-12-31
1459,0.0002186909621466,Kandy Proper,2022-12-31,2023-01-01
1460,-2.3580457516060107e-05,Kandy Proper,2023-01-01,2023-01-02
1461,-1.3953867076428576e-05,Kandy Proper,2023-01-02,2023-01-03
1462,0.0001127020312348,Kandy Proper,2023-01-03,2023-01-04
1463,-1.5685276795890167e-05,Kandy Proper,2023-01-04,2023-01-05
1464,1.914754484460128e-05,Kandy Proper,2023-01-05,2023-01-06
1465,4.190980689838454e-06,Kandy Proper,2023-01-06,2023-01-07
1466,,Kandy Proper,2023-01-07,2023-01-08
1467,,Kandy Proper,2023-01-08,2023-01-09
1468,5.366813444763372e-05,Kandy Proper,2023-01-09,2023-01-10
1469,5.8108065542270165e-05,Kandy Proper,2023-01-10,2023-01-11
1470,0.0002300350121565,Kandy Proper,2023-01-11,2023-01-12
1471,0.0004048176783555,Kandy Proper,2023-01-12,2023-01-13
1472,0.000284603617025,Kandy Proper,2023-01-13,2023-01-14
1473,-9.640269790807804e-05,Kandy Proper,2023-01-14,2023-01-15
1474,,Kandy Proper,2023-01-15,2023-01-16
1475,-8.697343759049426e-06,Kandy Proper,2023-01-16,2023-01-17
1476,,Kandy Proper,2023-01-17,2023-01-18
1477,4.639774215465004e-05,Kandy Proper,2023-01-18,2023-01-19
1478,-3.443487787333024e-05,Kandy Proper,2023-01-19,2023-01-20
1479,6.499407942693201e-05,Kandy Proper,2023-01-20,2023-01-21
1480,,Kandy Proper,2023-01-21,2023-01-22
1481,,Kandy Proper,2023-01-22,2023-01-23
1482,,Kandy Proper,2023-01-23,2023-01-24
1483,,Kandy Proper,2023-01-24,2023-01-25
1484,5.811151118036572e-05,Kandy Proper,2023-01-25,2023-01-26
1485,,Kandy Proper,2023-01-26,2023-01-27
1486,,Kandy Proper,2023-01-27,2023-01-28
1487,7.616349741297997e-05,Kandy Proper,2023-01-28,2023-01-29
1488,0.0001527143170301,Kandy Proper,2023-01-29,2023-01-30
1489,,Kandy Proper,2023-01-30,2023-01-31
1490,,Kandy Proper,2023-01-31,2023-02-01
1491,,Kandy Proper,2023-02-01,2023-02-02
1492,,Kandy Proper,2023-02-02,2023-02-03
1493,,Kandy Proper,2023-02-03,2023-02-04
1494,,Kandy Proper,2023-02-04,2023-02-05
1495,-5.8307068595810777e-05,Kandy Proper,2023-02-05,2023-02-06
1496,,Kandy Proper,2023-02-06,2023-02-07
1497,,Kandy Proper,2023-02-07,2023-02-08
1498,-0.0001050565282536,Kandy Proper,2023-02-08,2023-02-09
1499,2.664756099759161e-05,Kandy Proper,2023-02-09,2023-02-10
1500,,Kandy Proper,2023-02-10,2023-02-11
1501,0.0001793864515734,Kandy Proper,2023-02-11,2023-02-12
1502,0.000117013872627,Kandy Proper,2023-02-12,2023-02-13
1503,0.0002762391496659,Kandy Proper,2023-02-13,2023-02-14
1504,0.0001849290175706,Kandy Proper,2023-02-14,2023-02-15
1505,0.0001309358093096,Kandy Proper,2023-02-15,2023-02-16
1506,2.408146276878079e-05,Kandy Proper,2023-02-16,2023-02-17
1507,0.0001211140847996,Kandy Proper,2023-02-17,2023-02-18
1508,1.9174747524865223e-05,Kandy Proper,2023-02-18,2023-02-19
1509,,Kandy Proper,2023-02-19,2023-02-20
1510,,Kandy Proper,2023-02-20,2023-02-21
1511,,Kandy Proper,2023-02-21,2023-02-22
1512,0.000167832927305,Kandy Proper,2023-02-22,2023-02-23
1513,5.443773193600662e-05,Kandy Proper,2023-02-23,2023-02-24
1514,0.0001420403466103,Kandy Proper,2023-02-24,2023-02-25
1515,-5.314761711384331e-05,Kandy Proper,2023-02-25,2023-02-26
1516,0.0002207427617611,Kandy Proper,2023-02-26,2023-02-27
1517,,Kandy Proper,2023-02-27,2023-02-28
1518,,Kandy Proper,2023-02-28,2023-03-01
1519,,Kandy Proper,2023-03-01,2023-03-02
1520,0.0002956973953837,Kandy Proper,2023-03-02,2023-03-03
1521,,Kandy Proper,2023-03-03,2023-03-04
1522,,Kandy Proper,2023-03-04,2023-03-05
1523,0.0003200669603676,Kandy Proper,2023-03-05,2023-03-06
1524,0.0003001536059258,Kandy Proper,2023-03-06,2023-03-07
1525,0.0001115435924082,Kandy Proper,2023-03-07,2023-03-08
1526,7.349130037920148e-05,Kandy Proper,2023-03-08,2023-03-09
1527,0.0001537420173445,Kandy Proper,2023-03-09,2023-03-10
1528,,Kandy Proper,2023-03-10,2023-03-11
1529,0.0001833861696954,Kandy Proper,2023-03-11,2023-03-12
1530,-9.298285259082749e-05,Kandy Proper,2023-03-12,2023-03-13
1531,0.0001275124704156,Kandy Proper,2023-03-13,2023-03-14
1532,0.0002073454087879,Kandy Proper,2023-03-14,2023-03-15
1533,,Kandy Proper,2023-03-15,2023-03-16
1534,0.000167750108572,Kandy Proper,2023-03-16,2023-03-17
1535,0.0001059133650579,Kandy Proper,2023-03-17,2023-03-18
1536,0.0001352572888487,Kandy Proper,2023-03-18,2023-03-19
1537,2.936310731179129e-05,Kandy Proper,2023-03-19,2023-03-20
1538,,Kandy Proper,2023-03-20,2023-03-21
1539,0.00021601442706,Kandy Proper,2023-03-21,2023-03-22
1540,8.89326609226773e-05,Kandy Proper,2023-03-22,2023-03-23
1541,4.108159094785542e-05,Kandy Proper,2023-03-23,2023-03-24
1542,0.0001956476279903,Kandy Proper,2023-03-24,2023-03-25
1543,0.0002255959554896,Kandy Proper,2023-03-25,2023-03-26
1544,2.8084505366179952e-05,Kandy Proper,2023-03-26,2023-03-27
1545,0.0001299573745615,Kandy Proper,2023-03-27,2023-03-28
1546,0.0002629645982242,Kandy Proper,2023-03-28,2023-03-29
1547,0.0002349668570586,Kandy Proper,2023-03-29,2023-03-30
1548,8.395772642433473e-05,Kandy Proper,2023-03-30,2023-03-31
1549,8.745422622040163e-05,Kandy Proper,2023-03-31,2023-04-01
1550,7.111439817993237e-05,Kandy Proper,2023-04-01,2023-04-02
1551,,Kandy Proper,2023-04-02,2023-04-03
1552,2.7064110826008876e-05,Kandy Proper,2023-04-03,2023-04-04
1553,,Kandy Proper,2023-04-04,2023-04-05
1554,9.309221655678406e-05,Kandy Proper,2023-04-05,2023-04-06
1555,4.8639712507728016e-05,Kandy Proper,2023-04-06,2023-04-07
1556,0.0001595895655811,Kandy Proper,2023-04-07,2023-04-08
1557,,Kandy Proper,2023-04-08,2023-04-09
1558,0.0001173183464997,Kandy Proper,2023-04-09,2023-04-10
1559,0.0001127534416494,Kandy Proper,2023-04-10,2023-04-11
1560,7.497777881981774e-05,Kandy Proper,2023-04-11,2023-04-12
1561,0.0001453619825016,Kandy Proper,2023-04-12,2023-04-13
1562,9.691922846671516e-05,Kandy Proper,2023-04-13,2023-04-14
1563,7.861034105770753e-05,Kandy Proper,2023-04-14,2023-04-15
1564,,Kandy Proper,2023-04-15,2023-04-16
1565,,Kandy Proper,2023-04-16,2023-04-17
1566,0.0001627443991446,Kandy Proper,2023-04-17,2023-04-18
1567,5.339099913274038e-05,Kandy Proper,2023-04-18,2023-04-19
1568,9.019576522685492e-05,Kandy Proper,2023-04-19,2023-04-20
1569,8.50146441603814e-05,Kandy Proper,2023-04-20,2023-04-21
1570,,Kandy Proper,2023-04-21,2023-04-22
1571,,Kandy Proper,2023-04-22,2023-04-23
1572,0.0001847387610895,Kandy Proper,2023-04-23,2023-04-24
1573,0.0001656326036031,Kandy Proper,2023-04-24,2023-04-25
1574,2.985543105452906e-05,Kandy Proper,2023-04-25,2023-04-26
1575,,Kandy Proper,2023-04-26,2023-04-27
1576,0.000142133169233,Kandy Proper,2023-04-27,2023-04-28
1577,4.3245247387967984e-05,Kandy Proper,2023-04-28,2023-04-29
1578,,Kandy Proper,2023-04-29,2023-04-30
1579,,Kandy Proper,2023-04-30,2023-05-01
1580,,Kandy Proper,2023-05-01,2023-05-02
1581,0.000193976459139,Kandy Proper,2023-05-02,2023-05-03
1582,0.0001447220946935,Kandy Proper,2023-05-03,2023-05-04
1583,0.0001248385389574,Kandy Proper,2023-05-04,2023-05-05
1584,,Kandy Proper,2023-05-05,2023-05-06
1585,,Kandy Proper,2023-05-06,2023-05-07
1586,,Kandy Proper,2023-05-07,2023-05-08
1587,0.0001480947300203,Kandy Proper,2023-05-08,2023-05-09
1588,,Kandy Proper,2023-05-09,2023-05-10
1589,,Kandy Proper,2023-05-10,2023-05-11
1590,,Kandy Proper,2023-05-11,2023-05-12
1591,5.127970772826992e-05,Kandy Proper,2023-05-12,2023-05-13
1592,0.0001257572460024,Kandy Proper,2023-05-13,2023-05-14
1593,,Kandy Proper,2023-05-14,2023-05-15
1594,0.0001653283068911,Kandy Proper,2023-05-15,2023-05-16
1595,9.439552938802424e-05,Kandy Proper,2023-05-16,2023-05-17
1596,0.0001275901903929,Kandy Proper,2023-05-17,2023-05-18
1597,,Kandy Proper,2023-05-18,2023-05-19
1598,0.0001698271492844,Kandy Proper,2023-05-19,2023-05-20
1599,0.0002253535932127,Kandy Proper,2023-05-20,2023-05-21
1600,0.000172287887781,Kandy Proper,2023-05-21,2023-05-22
1601,-2.4041522097085765e-06,Kandy Proper,2023-05-22,2023-05-23
1602,0.0001174329754136,Kandy Proper,2023-05-23,2023-05-24
1603,0.0001699899537801,Kandy Proper,2023-05-24,2023-05-25
1604,0.0001338950814177,Kandy Proper,2023-05-25,2023-05-26
1605,0.0002143848706052,Kandy Proper,2023-05-26,2023-05-27
1606,0.0001703963246503,Kandy Proper,2023-05-27,2023-05-28
1607,0.0001578164663756,Kandy Proper,2023-05-28,2023-05-29
1608,7.963483364998873e-05,Kandy Proper,2023-05-29,2023-05-30
1609,0.0001259788725499,Kandy Proper,2023-05-30,2023-05-31
1610,0.0001942800815461,Kandy Proper,2023-05-31,2023-06-01
1611,0.0001776192487093,Kandy Proper,2023-06-01,2023-06-02
1612,,Kandy Proper,2023-06-02,2023-06-03
1613,0.0001588600353102,Kandy Proper,2023-06-03,2023-06-04
1614,7.175662777488772e-05,Kandy Proper,2023-06-04,2023-06-05
1615,0.0002213104246915,Kandy Proper,2023-06-05,2023-06-06
1616,0.0001457105048682,Kandy Proper,2023-06-06,2023-06-07
1617,,Kandy Proper,2023-06-07,2023-06-08
1618,,Kandy Proper,2023-06-08,2023-06-09
1619,-1.0679735465096912e-06,Kandy Proper,2023-06-09,2023-06-10
1620,7.816291169118864e-05,Kandy Proper,2023-06-10,2023-06-11
1621,,Kandy Proper,2023-06-11,2023-06-12
1622,,Kandy Proper,2023-06-12,2023-06-13
1623,4.838009288064745e-05,Kandy Proper,2023-06-13,2023-06-14
1624,,Kandy Proper,2023-06-14,2023-06-15
1625,0.0001180119609405,Kandy Proper,2023-06-15,2023-06-16
1626,9.650112262605592e-05,Kandy Proper,2023-06-16,2023-06-17
1627,0.0001196064537832,Kandy Proper,2023-06-17,2023-06-18
1628,,Kandy Proper,2023-06-18,2023-06-19
1629,5.344017392934784e-05,Kandy Proper,2023-06-19,2023-06-20
1630,6.28888951472526e-05,Kandy Proper,2023-06-20,2023-06-21
1631,0.0001561747629557,Kandy Proper,2023-06-21,2023-06-22
1632,8.789236377264911e-05,Kandy Proper,2023-06-22,2023-06-23
1633,,Kandy Proper,2023-06-23,2023-06-24
1634,4.156146908053608e-05,Kandy Proper,2023-06-24,2023-06-25
1635,,Kandy Proper,2023-06-25,2023-06-26
1636,0.000132704871103,Kandy Proper,2023-06-26,2023-06-27
1637,,Kandy Proper,2023-06-27,2023-06-28
1638,,Kandy Proper,2023-06-28,2023-06-29
1639,,Kandy Proper,2023-06-29,2023-06-30
1640,,Kandy Proper,2023-06-30,2023-07-01
1641,0.0001227158076419,Kandy Proper,2023-07-01,2023-07-02
1642,,Kandy Proper,2023-07-02,2023-07-03
1643,,Kandy Proper,2023-07-03,2023-07-04
1644,,Kandy Proper,2023-07-04,2023-07-05
1645,,Kandy Proper,2023-07-05,2023-07-06
1646,,Kandy Proper,2023-07-06,2023-07-07
1647,,Kandy Proper,2023-07-07,2023-07-08
1648,0.0001214651601236,Kandy Proper,2023-07-08,2023-07-09
1649,0.0001808012373702,Kandy Proper,2023-07-09,2023-07-10
1650,,Kandy Proper,2023-07-10,2023-07-11
1651,-2.336844029362581e-05,Kandy Proper,2023-07-11,2023-07-12
1652,0.0001109419617406,Kandy Proper,2023-07-12,2023-07-13
1653,0.0001625487203896,Kandy Proper,2023-07-13,2023-07-14
1654,,Kandy Proper,2023-07-14,2023-07-15
1655,1.5900422359613528e-05,Kandy Proper,2023-07-15,2023-07-16
1656,1.9776488726093925e-05,Kandy Proper,2023-07-16,2023-07-17
1657,5.939434894998055e-05,Kandy Proper,2023-07-17,2023-07-18
1658,6.622050639243737e-05,Kandy Proper,2023-07-18,2023-07-19
1659,-6.674473096685837e-07,Kandy Proper,2023-07-19,2023-07-20
1660,3.353571818318948e-05,Kandy Proper,2023-07-20,2023-07-21
1661,2.490429343060798e-05,Kandy Proper,2023-07-21,2023-07-22
1662,3.460728289807366e-05,Kandy Proper,2023-07-22,2023-07-23
1663,0.000104020043783,Kandy Proper,2023-07-23,2023-07-24
1664,,Kandy Proper,2023-07-24,2023-07-25
1665,,Kandy Proper,2023-07-25,2023-07-26
1666,,Kandy Proper,2023-07-26,2023-07-27
1667,0.0001291299071899,Kandy Proper,2023-07-27,2023-07-28
1668,0.0001566643822086,Kandy Proper,2023-07-28,2023-07-29
1669,0.0001271773691179,Kandy Proper,2023-07-29,2023-07-30
1670,0.0001077280997704,Kandy Proper,2023-07-30,2023-07-31
1671,0.0001089945337925,Kandy Proper,2023-07-31,2023-08-01
1672,9.774042294259097e-05,Kandy Proper,2023-08-01,2023-08-02
1673,0.0001266446231972,Kandy Proper,2023-08-02,2023-08-03
1674,6.160880426258438e-05,Kandy Proper,2023-08-03,2023-08-04
1675,9.27325145036787e-05,Kandy Proper,2023-08-04,2023-08-05
1676,0.0002494167243405,Kandy Proper,2023-08-05,2023-08-06
1677,0.0002097968322237,Kandy Proper,2023-08-06,2023-08-07
1678,0.0001359293581295,Kandy Proper,2023-08-07,2023-08-08
1679,0.0001413205586485,Kandy Proper,2023-08-08,2023-08-09
1680,8.695611628281867e-05,Kandy Proper,2023-08-09,2023-08-10
1681,0.0001053399530921,Kandy Proper,2023-08-10,2023-08-11
1682,0.0001489525011608,Kandy Proper,2023-08-11,2023-08-12
1683,,Kandy Proper,2023-08-12,2023-08-13
1684,0.0001354273184184,Kandy Proper,2023-08-13,2023-08-14
1685,-3.917916748756687e-06,Kandy Proper,2023-08-14,2023-08-15
1686,0.000124662871098,Kandy Proper,2023-08-15,2023-08-16
1687,6.861869279793564e-05,Kandy Proper,2023-08-16,2023-08-17
1688,6.188149979930174e-05,Kandy Proper,2023-08-17,2023-08-18
1689,0.0001089391073824,Kandy Proper,2023-08-18,2023-08-19
1690,0.0001583234850884,Kandy Proper,2023-08-19,2023-08-20
1691,0.0001237874748148,Kandy Proper,2023-08-20,2023-08-21
1692,0.0001532655008203,Kandy Proper,2023-08-21,2023-08-22
1693,0.0001078923138287,Kandy Proper,2023-08-22,2023-08-23
1694,7.359592501945677e-05,Kandy Proper,2023-08-23,2023-08-24
1695,0.0001424301983901,Kandy Proper,2023-08-24,2023-08-25
1696,7.167238676448055e-05,Kandy Proper,2023-08-25,2023-08-26
1697,8.40120183154954e-05,Kandy Proper,2023-08-26,2023-08-27
1698,0.0001116325642068,Kandy Proper,2023-08-27,2023-08-28
1699,5.83354944518255e-05,Kandy Proper,2023-08-28,2023-08-29
1700,,Kandy Proper,2023-08-29,2023-08-30
1701,,Kandy Proper,2023-08-30,2023-08-31
1702,,Kandy Proper,2023-08-31,2023-09-01
1703,,Kandy Proper,2023-09-01,2023-09-02
1704,,Kandy Proper,2023-09-02,2023-09-03
1705,,Kandy Proper,2023-09-03,2023-09-04
1706,,Kandy Proper,2023-09-04,2023-09-05
1707,,Kandy Proper,2023-09-05,2023-09-06
1708,,Kandy Proper,2023-09-06,2023-09-07
1709,,Kandy Proper,2023-09-07,2023-09-08
1710,,Kandy Proper,2023-09-08,2023-09-09
1711,,Kandy Proper,2023-09-09,2023-09-10
1712,,Kandy Proper,2023-09-10,2023-09-11
1713,,Kandy Proper,2023-09-11,2023-09-12
1714,,Kandy Proper,2023-09-12,2023-09-13
1715,2.7138340069166346e-05,Kandy Proper,2023-09-13,2023-09-14
1716,,Kandy Proper,2023-09-14,2023-09-15
1717,0.0001679180069933,Kandy Proper,2023-09-15,2023-09-16
1718,,Kandy Proper,2023-09-16,2023-09-17
1719,,Kandy Proper,2023-09-17,2023-09-18
1720,,Kandy Proper,2023-09-18,2023-09-19
1721,,Kandy Proper,2023-09-19,2023-09-20
1722,0.0001455726526859,Kandy Proper,2023-09-20,2023-09-21
1723,8.040403362342045e-05,Kandy Proper,2023-09-21,2023-09-22
1724,,Kandy Proper,2023-09-22,2023-09-23
1725,,Kandy Proper,2023-09-23,2023-09-24
1726,0.0001261425964078,Kandy Proper,2023-09-24,2023-09-25
1727,,Kandy Proper,2023-09-25,2023-09-26
1728,,Kandy Proper,2023-09-26,2023-09-27
1729,,Kandy Proper,2023-09-27,2023-09-28
1730,,Kandy Proper,2023-09-28,2023-09-29
1731,,Kandy Proper,2023-09-29,2023-09-30
1732,,Kandy Proper,2023-09-30,2023-10-01
1733,0.0001696093763426,Kandy Proper,2023-10-01,2023-10-02
1734,,Kandy Proper,2023-10-02,2023-10-03
1735,,Kandy Proper,2023-10-03,2023-10-04
1736,,Kandy Proper,2023-10-04,2023-10-05
1737,,Kandy Proper,2023-10-05,2023-10-06
1738,1.5916451963563724e-05,Kandy Proper,2023-10-06,2023-10-07
1739,-1.9106412261483608e-05,Kandy Proper,2023-10-07,2023-10-08
1740,,Kandy Proper,2023-10-08,2023-10-09
1741,,Kandy Proper,2023-10-09,2023-10-10
1742,0.000147102305137,Kandy Proper,2023-10-10,2023-10-11
1743,,Kandy Proper,2023-10-11,2023-10-12
1744,,Kandy Proper,2023-10-12,2023-10-13
1745,,Kandy Proper,2023-10-13,2023-10-14
1746,,Kandy Proper,2023-10-14,2023-10-15
1747,,Kandy Proper,2023-10-15,2023-10-16
1748,2.0453384372851556e-05,Kandy Proper,2023-10-16,2023-10-17
1749,,Kandy Proper,2023-10-17,2023-10-18
1750,,Kandy Proper,2023-10-18,2023-10-19
1751,,Kandy Proper,2023-10-19,2023-10-20
1752,,Kandy Proper,2023-10-20,2023-10-21
1753,-0.0002997028631351,Kandy Proper,2023-10-21,2023-10-22
1754,,Kandy Proper,2023-10-22,2023-10-23
1755,,Kandy Proper,2023-10-23,2023-10-24
1756,,Kandy Proper,2023-10-24,2023-10-25
1757,,Kandy Proper,2023-10-25,2023-10-26
1758,0.0001684928283541,Kandy Proper,2023-10-26,2023-10-27
1759,0.0001437460594186,Kandy Proper,2023-10-27,2023-10-28
1760,2.5671845789271484e-05,Kandy Proper,2023-10-28,2023-10-29
1761,5.33158019969435e-05,Kandy Proper,2023-10-29,2023-10-30
1762,,Kandy Proper,2023-10-30,2023-10-31
1763,,Kandy Proper,2023-10-31,2023-11-01
1764,0.0002028148397429,Kandy Proper,2023-11-01,2023-11-02
1765,,Kandy Proper,2023-11-02,2023-11-03
1766,,Kandy Proper,2023-11-03,2023-11-04
1767,,Kandy Proper,2023-11-04,2023-11-05
1768,,Kandy Proper,2023-11-05,2023-11-06
1769,0.0001260534287613,Kandy Proper,2023-11-06,2023-11-07
1770,0.0002446403496891,Kandy Proper,2023-11-07,2023-11-08
1771,0.0001248538653777,Kandy Proper,2023-11-08,2023-11-09
1772,,Kandy Proper,2023-11-09,2023-11-10
1773,7.510120180609618e-06,Kandy Proper,2023-11-10,2023-11-11
1774,3.845531321753457e-05,Kandy Proper,2023-11-11,2023-11-12
1775,,Kandy Proper,2023-11-12,2023-11-13
1776,,Kandy Proper,2023-11-13,2023-11-14
1777,,Kandy Proper,2023-11-14,2023-11-15
1778,,Kandy Proper,2023-11-15,2023-11-16
1779,0.000190684038413,Kandy Proper,2023-11-16,2023-11-17
1780,0.0001353124856268,Kandy Proper,2023-11-17,2023-11-18
1781,,Kandy Proper,2023-11-18,2023-11-19
1782,,Kandy Proper,2023-11-19,2023-11-20
1783,0.0002620557003131,Kandy Proper,2023-11-20,2023-11-21
1784,,Kandy Proper,2023-11-21,2023-11-22
1785,,Kandy Proper,2023-11-22,2023-11-23
1786,0.0001444984803391,Kandy Proper,2023-11-23,2023-11-24
1787,,Kandy Proper,2023-11-24,2023-11-25
1788,7.28442538329636e-06,Kandy Proper,2023-11-25,2023-11-26
1789,,Kandy Proper,2023-11-26,2023-11-27
1790,,Kandy Proper,2023-11-27,2023-11-28
1791,,Kandy Proper,2023-11-28,2023-11-29
1792,,Kandy Proper,2023-11-29,2023-11-30
1793,,Kandy Proper,2023-11-30,2023-12-01
1794,,Kandy Proper,2023-12-01,2023-12-02
1795,,Kandy Proper,2023-12-02,2023-12-03
1796,,Kandy Proper,2023-12-03,2023-12-04
1797,,Kandy Proper,2023-12-04,2023-12-05
1798,,Kandy Proper,2023-12-05,2023-12-06
1799,7.420464341364708e-05,Kandy Proper,2023-12-06,2023-12-07
1800,0.0001158107210391,Kandy Proper,2023-12-07,2023-12-08
1801,-9.03955878775148e-05,Kandy Proper,2023-12-08,2023-12-09
1802,,Kandy Proper,2023-12-09,2023-12-10
1803,,Kandy Proper,2023-12-10,2023-12-11
1804,0.0002611441635499,Kandy Proper,2023-12-11,2023-12-12
1805,,Kandy Proper,2023-12-12,2023-12-13
1806,-2.9737522183390376e-05,Kandy Proper,2023-12-13,2023-12-14
1807,,Kandy Proper,2023-12-14,2023-12-15
1808,,Kandy Proper,2023-12-15,2023-12-16
1809,,Kandy Proper,2023-12-16,2023-12-17
1810,-3.540811656510892e-05,Kandy Proper,2023-12-17,2023-12-18
1811,,Kandy Proper,2023-12-18,2023-12-19
1812,,Kandy Proper,2023-12-19,2023-12-20
1813,,Kandy Proper,2023-12-20,2023-12-21
1814,0.0001138636695151,Kandy Proper,2023-12-21,2023-12-22
1815,-6.898291892324406e-06,Kandy Proper,2023-12-22,2023-12-23
1816,0.0001163114086344,Kandy Proper,2023-12-23,2023-12-24
1817,,Kandy Proper,2023-12-24,2023-12-25
1818,,Kandy Proper,2023-12-25,2023-12-26
1819,,Kandy Proper,2023-12-26,2023-12-27
1820,,Kandy Proper,2023-12-27,2023-12-28
1821,,Kandy Proper,2023-12-28,2023-12-29
1822,,Kandy Proper,2023-12-29,2023-12-30
1823,5.590120257397272e-05,Kandy Proper,2023-12-30,2023-12-31
1824,,Kandy Proper,2023-12-31,2024-01-01
